-- MetricFlow Seed Data
-- Generated by seed_data.py

-- USER PROFILES
INSERT INTO public.user_profiles (id, email, full_name, role) VALUES ('6f6eaf39-4fae-4d82-9c9e-5edaf0065da5', 'admin@metricflow.com', 'Admin User', 'admin') ON CONFLICT (id) DO NOTHING;

-- RESET DATA
TRUNCATE TABLE public.order_items CASCADE;
TRUNCATE TABLE public.orders CASCADE;
TRUNCATE TABLE public.contacts CASCADE;
TRUNCATE TABLE public.companies CASCADE;
TRUNCATE TABLE public.products CASCADE;

-- PRODUCTS
INSERT INTO public.products (id, name, sku, category, unit_price, stock_qty, is_active) VALUES ('bc067b70-4236-4a26-9d9e-af6ff4c86eeb', 'ERP Suite Pro', 'SW-001', 'software', 14999, 163, true) ON CONFLICT (id) DO NOTHING;
INSERT INTO public.products (id, name, sku, category, unit_price, stock_qty, is_active) VALUES ('e1a9712c-ef94-4a08-ad16-c256e8aff469', 'CRM Enterprise', 'SW-002', 'software', 8999, 28, true) ON CONFLICT (id) DO NOTHING;
INSERT INTO public.products (id, name, sku, category, unit_price, stock_qty, is_active) VALUES ('f9574cf1-226e-4263-93bb-de3c5e9afc41', 'Data Analytics Module', 'SW-003', 'software', 4999, 6, true) ON CONFLICT (id) DO NOTHING;
INSERT INTO public.products (id, name, sku, category, unit_price, stock_qty, is_active) VALUES ('90bbbb7e-abea-4773-8a46-f68d63a5e5b2', 'API Gateway License', 'SW-004', 'software', 2999, 189, true) ON CONFLICT (id) DO NOTHING;
INSERT INTO public.products (id, name, sku, category, unit_price, stock_qty, is_active) VALUES ('c92d3b68-c672-47db-b31c-d22de38b3fef', 'Server Rack 2U', 'HW-001', 'hardware', 3500, 70, true) ON CONFLICT (id) DO NOTHING;
INSERT INTO public.products (id, name, sku, category, unit_price, stock_qty, is_active) VALUES ('e0df1e4d-4eab-4bf8-acef-7f26f3251925', 'NAS Storage 40TB', 'HW-002', 'hardware', 5200, 62, true) ON CONFLICT (id) DO NOTHING;
INSERT INTO public.products (id, name, sku, category, unit_price, stock_qty, is_active) VALUES ('6cb45a38-bc5e-4338-9c11-e18dc464ddc0', 'Network Switch 48p', 'HW-003', 'hardware', 1800, 57, true) ON CONFLICT (id) DO NOTHING;
INSERT INTO public.products (id, name, sku, category, unit_price, stock_qty, is_active) VALUES ('94631abd-5c1a-48d3-8c73-28bb95356e3f', 'Laptop Fleet (10x)', 'HW-004', 'hardware', 12000, 35, true) ON CONFLICT (id) DO NOTHING;
INSERT INTO public.products (id, name, sku, category, unit_price, stock_qty, is_active) VALUES ('6da4251d-1cba-46c6-8d26-ff14eed1384d', 'Implementation Service', 'SV-001', 'services', 6000, 188, true) ON CONFLICT (id) DO NOTHING;
INSERT INTO public.products (id, name, sku, category, unit_price, stock_qty, is_active) VALUES ('0bead72f-27ce-45d9-9333-9394e3478b36', 'Data Migration', 'SV-002', 'services', 4500, 26, true) ON CONFLICT (id) DO NOTHING;
INSERT INTO public.products (id, name, sku, category, unit_price, stock_qty, is_active) VALUES ('3ff891df-32e8-4aa5-a877-aa990f5d35a7', 'System Integration', 'SV-003', 'services', 8000, 173, true) ON CONFLICT (id) DO NOTHING;
INSERT INTO public.products (id, name, sku, category, unit_price, stock_qty, is_active) VALUES ('7f639995-68b2-441e-85b9-c73e9d668710', 'Cloud Setup', 'SV-004', 'services', 3000, 189, true) ON CONFLICT (id) DO NOTHING;
INSERT INTO public.products (id, name, sku, category, unit_price, stock_qty, is_active) VALUES ('a60ba69d-845a-4496-8a9e-7407ef5d0df8', 'Strategy Consulting', 'CO-001', 'consulting', 9000, 139, true) ON CONFLICT (id) DO NOTHING;
INSERT INTO public.products (id, name, sku, category, unit_price, stock_qty, is_active) VALUES ('f5c11d8e-4999-4553-bcc6-f05f5a39e768', 'Digital Transform.', 'CO-002', 'consulting', 15000, 22, true) ON CONFLICT (id) DO NOTHING;
INSERT INTO public.products (id, name, sku, category, unit_price, stock_qty, is_active) VALUES ('715f9f83-d3c7-4384-8953-821530004994', 'Process Audit', 'CO-003', 'consulting', 5500, 151, true) ON CONFLICT (id) DO NOTHING;
INSERT INTO public.products (id, name, sku, category, unit_price, stock_qty, is_active) VALUES ('10a9909c-0123-4884-a2c3-74c52093ac2d', '24/7 Support Gold', 'SP-001', 'support', 3600, 108, true) ON CONFLICT (id) DO NOTHING;
INSERT INTO public.products (id, name, sku, category, unit_price, stock_qty, is_active) VALUES ('6e495bf3-b0ce-46a6-992f-462b84f3c5e7', 'Support Silver', 'SP-002', 'support', 1800, 8, true) ON CONFLICT (id) DO NOTHING;
INSERT INTO public.products (id, name, sku, category, unit_price, stock_qty, is_active) VALUES ('571b6983-1459-4297-b99a-a37f164cc3c7', 'SLA Enterprise', 'SP-003', 'support', 7200, 7, true) ON CONFLICT (id) DO NOTHING;
INSERT INTO public.products (id, name, sku, category, unit_price, stock_qty, is_active) VALUES ('79b0af7d-9b62-498f-9fbe-548b676eecb8', 'Training Package', 'SP-004', 'support', 2400, 23, true) ON CONFLICT (id) DO NOTHING;
INSERT INTO public.products (id, name, sku, category, unit_price, stock_qty, is_active) VALUES ('62ef8688-4450-4576-a31f-f9b14adc145e', 'Security Audit', 'SP-005', 'support', 4800, 55, true) ON CONFLICT (id) DO NOTHING;

-- COMPANIES
INSERT INTO public.companies (id, name, industry, country, city, tier, annual_revenue, employee_count, created_by) VALUES ('84501718-07b0-4924-a2dc-d2447344bc7e', 'Ababei OC1', 'Technology', 'Hungary', 'Cudalbi', 'smb', 260870, 36, '6f6eaf39-4fae-4d82-9c9e-5edaf0065da5') ON CONFLICT (id) DO NOTHING;
INSERT INTO public.companies (id, name, industry, country, city, tier, annual_revenue, employee_count, created_by) VALUES ('d9aee6a1-12c9-4a77-9beb-051968270043', 'Stan Nistor PFA', 'Manufacturing', 'Germany', 'Sibiu', 'smb', 61313, 37, '6f6eaf39-4fae-4d82-9c9e-5edaf0065da5') ON CONFLICT (id) DO NOTHING;
INSERT INTO public.companies (id, name, industry, country, city, tier, annual_revenue, employee_count, created_by) VALUES ('5e1ea8f2-e3a5-4835-88e0-4ab677b5b4cd', 'Stănescu', 'Finance', 'Bulgaria', 'Videle', 'smb', 349588, 41, '6f6eaf39-4fae-4d82-9c9e-5edaf0065da5') ON CONFLICT (id) DO NOTHING;
INSERT INTO public.companies (id, name, industry, country, city, tier, annual_revenue, employee_count, created_by) VALUES ('0da34697-2437-4670-a89b-4c1173f1a57a', 'Diaconescu', 'Logistics', 'France', 'Targu Mures', 'mid_market', 1713033, 55, '6f6eaf39-4fae-4d82-9c9e-5edaf0065da5') ON CONFLICT (id) DO NOTHING;
INSERT INTO public.companies (id, name, industry, country, city, tier, annual_revenue, employee_count, created_by) VALUES ('2ca39714-5d7d-489e-9d06-0ee24fb108d2', 'Oprea Tudor URL', 'Technology', 'Hungary', 'Iasi', 'smb', 139484, 20, '6f6eaf39-4fae-4d82-9c9e-5edaf0065da5') ON CONFLICT (id) DO NOTHING;
INSERT INTO public.companies (id, name, industry, country, city, tier, annual_revenue, employee_count, created_by) VALUES ('7059162c-d160-4fc3-ba5e-931c52555f84', 'Dumitrescu', 'Manufacturing', 'Bulgaria', 'Bragadiru', 'mid_market', 2052791, 71, '6f6eaf39-4fae-4d82-9c9e-5edaf0065da5') ON CONFLICT (id) DO NOTHING;
INSERT INTO public.companies (id, name, industry, country, city, tier, annual_revenue, employee_count, created_by) VALUES ('8a01eeb9-d276-48f8-889d-dc91475c6354', 'Dumitrescu Dumitrescu SA', 'Energy', 'Romania', 'Mihail Kogalniceanu', 'smb', 257717, 42, '6f6eaf39-4fae-4d82-9c9e-5edaf0065da5') ON CONFLICT (id) DO NOTHING;
INSERT INTO public.companies (id, name, industry, country, city, tier, annual_revenue, employee_count, created_by) VALUES ('53d7b9f3-f541-4ee1-a7ab-fddb76ca48cb', 'Mazilescu Popescu CON', 'Logistics', 'Romania', 'Tandarei', 'enterprise', 25342424, 3110, '6f6eaf39-4fae-4d82-9c9e-5edaf0065da5') ON CONFLICT (id) DO NOTHING;
INSERT INTO public.companies (id, name, industry, country, city, tier, annual_revenue, employee_count, created_by) VALUES ('f13cfec5-bd93-4e1a-b9ca-7560ce5747c3', 'Stan', 'Healthcare', 'Hungary', 'Sighetu Marmatiei', 'mid_market', 2339572, 56, '6f6eaf39-4fae-4d82-9c9e-5edaf0065da5') ON CONFLICT (id) DO NOTHING;
INSERT INTO public.companies (id, name, industry, country, city, tier, annual_revenue, employee_count, created_by) VALUES ('7d723773-f65c-487c-a1db-52e005734887', 'Mazilescu', 'Real Estate', 'Hungary', 'Brasov', 'enterprise', 11984920, 4575, '6f6eaf39-4fae-4d82-9c9e-5edaf0065da5') ON CONFLICT (id) DO NOTHING;
INSERT INTO public.companies (id, name, industry, country, city, tier, annual_revenue, employee_count, created_by) VALUES ('b9946d4e-4f61-42ac-b46d-f22fa64653a1', 'Cristea SPI', 'Healthcare', 'Romania', 'Eforie Nord', 'enterprise', 31521757, 3308, '6f6eaf39-4fae-4d82-9c9e-5edaf0065da5') ON CONFLICT (id) DO NOTHING;
INSERT INTO public.companies (id, name, industry, country, city, tier, annual_revenue, employee_count, created_by) VALUES ('7c0d17c5-bab4-474a-9d18-a76123bff9db', 'Tabacu', 'Finance', 'Hungary', 'Campulung Moldovenesc', 'enterprise', 46681767, 4762, '6f6eaf39-4fae-4d82-9c9e-5edaf0065da5') ON CONFLICT (id) DO NOTHING;
INSERT INTO public.companies (id, name, industry, country, city, tier, annual_revenue, employee_count, created_by) VALUES ('f9e4de81-260e-4987-b123-bb7ab4c78dfc', 'Stănescu Dochioiu URL', 'Healthcare', 'Hungary', 'Vicovu de Jos', 'smb', 190017, 5, '6f6eaf39-4fae-4d82-9c9e-5edaf0065da5') ON CONFLICT (id) DO NOTHING;
INSERT INTO public.companies (id, name, industry, country, city, tier, annual_revenue, employee_count, created_by) VALUES ('641b6c6e-4849-45b6-bb68-6d49e5951f67', 'Dumitrescu Nemeș SCS', 'Healthcare', 'Bulgaria', 'Marasesti', 'smb', 36829, 22, '6f6eaf39-4fae-4d82-9c9e-5edaf0065da5') ON CONFLICT (id) DO NOTHING;
INSERT INTO public.companies (id, name, industry, country, city, tier, annual_revenue, employee_count, created_by) VALUES ('866092d6-1e88-48e4-bc37-c29e32e87516', 'Florea', 'Energy', 'Romania', 'Ovidiu', 'mid_market', 655230, 128, '6f6eaf39-4fae-4d82-9c9e-5edaf0065da5') ON CONFLICT (id) DO NOTHING;
INSERT INTO public.companies (id, name, industry, country, city, tier, annual_revenue, employee_count, created_by) VALUES ('81013830-b7bb-4b91-9362-1e1a36914260', 'Pușcașu SCS', 'Real Estate', 'Hungary', 'Pantelimon', 'mid_market', 2739709, 128, '6f6eaf39-4fae-4d82-9c9e-5edaf0065da5') ON CONFLICT (id) DO NOTHING;
INSERT INTO public.companies (id, name, industry, country, city, tier, annual_revenue, employee_count, created_by) VALUES ('946264ca-119f-4314-bf35-0b7d6c558006', 'Tudor URL', 'Consulting', 'Germany', 'Apahida', 'smb', 483828, 43, '6f6eaf39-4fae-4d82-9c9e-5edaf0065da5') ON CONFLICT (id) DO NOTHING;
INSERT INTO public.companies (id, name, industry, country, city, tier, annual_revenue, employee_count, created_by) VALUES ('3494fba9-893e-41f5-a02f-ececcffb1065', 'Pop', 'Consulting', 'Romania', 'Horodnic de Sus', 'mid_market', 2321975, 91, '6f6eaf39-4fae-4d82-9c9e-5edaf0065da5') ON CONFLICT (id) DO NOTHING;
INSERT INTO public.companies (id, name, industry, country, city, tier, annual_revenue, employee_count, created_by) VALUES ('bc67d602-94e9-4795-bd75-575f18fc0dbf', 'Ioniță RA', 'Healthcare', 'Hungary', 'Savinesti', 'mid_market', 4809097, 295, '6f6eaf39-4fae-4d82-9c9e-5edaf0065da5') ON CONFLICT (id) DO NOTHING;
INSERT INTO public.companies (id, name, industry, country, city, tier, annual_revenue, employee_count, created_by) VALUES ('dc1ec45a-6ba7-4ef6-9d0f-05a03503d96b', 'Nistor INC', 'Finance', 'Hungary', 'Podu Iloaiei', 'smb', 326491, 29, '6f6eaf39-4fae-4d82-9c9e-5edaf0065da5') ON CONFLICT (id) DO NOTHING;
INSERT INTO public.companies (id, name, industry, country, city, tier, annual_revenue, employee_count, created_by) VALUES ('fb237fbc-7e1a-4420-8bff-a73167187017', 'Marin Aanei SPI', 'Real Estate', 'Germany', 'Brasov', 'mid_market', 3136646, 132, '6f6eaf39-4fae-4d82-9c9e-5edaf0065da5') ON CONFLICT (id) DO NOTHING;
INSERT INTO public.companies (id, name, industry, country, city, tier, annual_revenue, employee_count, created_by) VALUES ('d820fefe-3f48-4433-a14e-d7532c7bb93e', 'Toma Diaconescu SCS', 'Retail', 'France', 'Drobeta-Turnu Severin', 'smb', 278744, 7, '6f6eaf39-4fae-4d82-9c9e-5edaf0065da5') ON CONFLICT (id) DO NOTHING;
INSERT INTO public.companies (id, name, industry, country, city, tier, annual_revenue, employee_count, created_by) VALUES ('d9ea42fd-f00e-4021-b43a-1a1444a18f73', 'Nistor CON', 'Technology', 'Bulgaria', 'Oituz', 'smb', 77487, 11, '6f6eaf39-4fae-4d82-9c9e-5edaf0065da5') ON CONFLICT (id) DO NOTHING;
INSERT INTO public.companies (id, name, industry, country, city, tier, annual_revenue, employee_count, created_by) VALUES ('4d341ae3-22e3-4cd6-909b-7b038e6ca7cf', 'Diaconu Barbu SCS', 'Retail', 'Bulgaria', 'Oltenita', 'smb', 376768, 29, '6f6eaf39-4fae-4d82-9c9e-5edaf0065da5') ON CONFLICT (id) DO NOTHING;
INSERT INTO public.companies (id, name, industry, country, city, tier, annual_revenue, employee_count, created_by) VALUES ('db67f489-e3cc-48ee-8a03-8bc51916d847', 'Mocanu SNC', 'Real Estate', 'Romania', 'Victoria', 'mid_market', 3327662, 215, '6f6eaf39-4fae-4d82-9c9e-5edaf0065da5') ON CONFLICT (id) DO NOTHING;
INSERT INTO public.companies (id, name, industry, country, city, tier, annual_revenue, employee_count, created_by) VALUES ('a8db0a09-7ca4-4949-9b9f-7d44d31109bb', 'Dochioiu', 'Real Estate', 'Germany', 'Carei', 'smb', 297408, 18, '6f6eaf39-4fae-4d82-9c9e-5edaf0065da5') ON CONFLICT (id) DO NOTHING;
INSERT INTO public.companies (id, name, industry, country, city, tier, annual_revenue, employee_count, created_by) VALUES ('e86a82c1-0fc7-47b5-9a13-158703fc4c63', 'Ioniță Popescu SCS', 'Education', 'Bulgaria', 'Onesti', 'enterprise', 1270478, 1138, '6f6eaf39-4fae-4d82-9c9e-5edaf0065da5') ON CONFLICT (id) DO NOTHING;
INSERT INTO public.companies (id, name, industry, country, city, tier, annual_revenue, employee_count, created_by) VALUES ('51594e0e-d13e-4924-8b0a-7688f7e0a34f', 'Florea', 'Education', 'Bulgaria', 'Jimbolia', 'smb', 159893, 43, '6f6eaf39-4fae-4d82-9c9e-5edaf0065da5') ON CONFLICT (id) DO NOTHING;
INSERT INTO public.companies (id, name, industry, country, city, tier, annual_revenue, employee_count, created_by) VALUES ('0d648fc2-f5a8-49fe-91db-3237ab87ee83', 'Eftimie INC', 'Logistics', 'Romania', 'Cugir', 'smb', 173878, 29, '6f6eaf39-4fae-4d82-9c9e-5edaf0065da5') ON CONFLICT (id) DO NOTHING;
INSERT INTO public.companies (id, name, industry, country, city, tier, annual_revenue, employee_count, created_by) VALUES ('a83706de-9f77-457d-ae23-93d1ace994cb', 'Tomescu', 'Retail', 'Germany', 'Strejnicu', 'mid_market', 127223, 154, '6f6eaf39-4fae-4d82-9c9e-5edaf0065da5') ON CONFLICT (id) DO NOTHING;

-- CONTACTS
INSERT INTO public.contacts (id, company_id, full_name, email, phone, job_title, is_primary) VALUES ('6b7ef879-2661-4e58-84ce-dc61c0e9170a', '946264ca-119f-4314-bf35-0b7d6c558006', 'Dorli Mazilescu', 'fnita@example.com', '0738 301 162', 'CTO', false) ON CONFLICT (id) DO NOTHING;
INSERT INTO public.contacts (id, company_id, full_name, email, phone, job_title, is_primary) VALUES ('36f28cff-1305-4dd5-9159-f4c02ff0f771', '0da34697-2437-4670-a89b-4c1173f1a57a', 'Francesca Pop', 'tomaantonie@example.com', '0264 085 058', 'Procurement Manager', false) ON CONFLICT (id) DO NOTHING;
INSERT INTO public.contacts (id, company_id, full_name, email, phone, job_title, is_primary) VALUES ('b1f65e21-79ee-432e-8664-25589ae26af2', '946264ca-119f-4314-bf35-0b7d6c558006', 'Anton Stoica', 'popescueleonora@example.net', '0256 045 933', 'VP Sales', true) ON CONFLICT (id) DO NOTHING;
INSERT INTO public.contacts (id, company_id, full_name, email, phone, job_title, is_primary) VALUES ('5fefad60-b5b7-4d9a-a3f1-66f78912d51e', 'db67f489-e3cc-48ee-8a03-8bc51916d847', 'Leonard Aanei', 'gabi25@example.org', '0237 329 759', 'CTO', false) ON CONFLICT (id) DO NOTHING;
INSERT INTO public.contacts (id, company_id, full_name, email, phone, job_title, is_primary) VALUES ('fd8d5584-7453-4be3-9b8f-9a44fe9527c2', 'db67f489-e3cc-48ee-8a03-8bc51916d847', 'Dorin Suciu', 'georgiana58@example.org', '0758 716 194', 'CEO', false) ON CONFLICT (id) DO NOTHING;
INSERT INTO public.contacts (id, company_id, full_name, email, phone, job_title, is_primary) VALUES ('414e1db0-381d-41f3-bfd6-8860d9a012d3', '81013830-b7bb-4b91-9362-1e1a36914260', 'Ghiță Nistor', 'dflorea@example.com', '0722 427 988', 'CEO', true) ON CONFLICT (id) DO NOTHING;
INSERT INTO public.contacts (id, company_id, full_name, email, phone, job_title, is_primary) VALUES ('ab7c15a7-fe6f-4b58-a802-a3df371a8406', '7c0d17c5-bab4-474a-9d18-a76123bff9db', 'Celia Dinu', 'toprea@example.org', '0268 814 570', 'Procurement Manager', true) ON CONFLICT (id) DO NOTHING;
INSERT INTO public.contacts (id, company_id, full_name, email, phone, job_title, is_primary) VALUES ('c800429c-05c7-4d3f-bdc6-599c7c82fadb', '53d7b9f3-f541-4ee1-a7ab-fddb76ca48cb', 'Bianca Marin', 'dumitrescuvasilica@example.net', '0246 548 963', 'CFO', true) ON CONFLICT (id) DO NOTHING;
INSERT INTO public.contacts (id, company_id, full_name, email, phone, job_title, is_primary) VALUES ('b3590e9e-45ba-4fd2-88ba-b0306b45a406', '81013830-b7bb-4b91-9362-1e1a36914260', 'Severina Preda', 'udiaconescu@example.com', '0743 758 288', 'CFO', false) ON CONFLICT (id) DO NOTHING;
INSERT INTO public.contacts (id, company_id, full_name, email, phone, job_title, is_primary) VALUES ('bfc13c06-80c2-4169-99a6-ddef6c9cfe2b', '3494fba9-893e-41f5-a02f-ececcffb1065', 'Dafina Stan', 'andreeastan@example.com', '0244 773 842', 'CTO', true) ON CONFLICT (id) DO NOTHING;
INSERT INTO public.contacts (id, company_id, full_name, email, phone, job_title, is_primary) VALUES ('5ea53305-b8fd-4fd8-9bfa-f81a6dbde37c', '81013830-b7bb-4b91-9362-1e1a36914260', 'Fabia Nistor', 'xnita@example.net', '0246 041 848', 'CTO', true) ON CONFLICT (id) DO NOTHING;
INSERT INTO public.contacts (id, company_id, full_name, email, phone, job_title, is_primary) VALUES ('7b5c8977-a191-4657-9f17-83f4ffab0b88', '51594e0e-d13e-4924-8b0a-7688f7e0a34f', 'Casandra Tomescu', 'barbuarian@example.org', '0238 925 856', 'Operations Manager', false) ON CONFLICT (id) DO NOTHING;
INSERT INTO public.contacts (id, company_id, full_name, email, phone, job_title, is_primary) VALUES ('1d87e2de-fdfe-493c-a7f1-16c33b1f115d', 'a83706de-9f77-457d-ae23-93d1ace994cb', 'Viorel Eftimie', 'fstoica@example.net', '0753 424 601', 'VP Sales', false) ON CONFLICT (id) DO NOTHING;
INSERT INTO public.contacts (id, company_id, full_name, email, phone, job_title, is_primary) VALUES ('fe29e9eb-2776-4ec3-8cec-b9c2807dc834', 'f9e4de81-260e-4987-b123-bb7ab4c78dfc', 'Marilena Florea', 'dumitru04@example.org', '0766 599 184', 'IT Director', false) ON CONFLICT (id) DO NOTHING;
INSERT INTO public.contacts (id, company_id, full_name, email, phone, job_title, is_primary) VALUES ('09107db0-e005-4ec2-8b32-03f4648c6511', '946264ca-119f-4314-bf35-0b7d6c558006', 'Natașa Florea', 'ionitavasilica@example.net', '0762 052 975', 'Account Manager', true) ON CONFLICT (id) DO NOTHING;
INSERT INTO public.contacts (id, company_id, full_name, email, phone, job_title, is_primary) VALUES ('0761b723-9c52-4982-a18f-42ee32ce9330', '53d7b9f3-f541-4ee1-a7ab-fddb76ca48cb', 'Sorana Dumitrescu', 'wmocanu@example.com', '0747 508 634', 'CFO', false) ON CONFLICT (id) DO NOTHING;
INSERT INTO public.contacts (id, company_id, full_name, email, phone, job_title, is_primary) VALUES ('553691f6-d44f-4cd1-82b2-3a108190a6ea', 'bc67d602-94e9-4795-bd75-575f18fc0dbf', 'Ancuța Ababei', 'vasile68@example.net', '0267 070 605', 'VP Sales', false) ON CONFLICT (id) DO NOTHING;
INSERT INTO public.contacts (id, company_id, full_name, email, phone, job_title, is_primary) VALUES ('8dcb8810-0c9d-45b9-ae4d-eaec89948ab2', '84501718-07b0-4924-a2dc-d2447344bc7e', 'Anghelina Voinea', 'cristea26@example.net', '0711 672 825', 'CFO', false) ON CONFLICT (id) DO NOTHING;
INSERT INTO public.contacts (id, company_id, full_name, email, phone, job_title, is_primary) VALUES ('a1babd84-8ee9-4c38-a85d-bc9a0f936c5c', 'd9aee6a1-12c9-4a77-9beb-051968270043', 'Gabriel Ionescu', 'gheorghitadiaconescu@example.net', '0756 325 018', 'VP Sales', true) ON CONFLICT (id) DO NOTHING;
INSERT INTO public.contacts (id, company_id, full_name, email, phone, job_title, is_primary) VALUES ('dbb13fc6-cda7-45bb-8794-d150ded62645', 'd9aee6a1-12c9-4a77-9beb-051968270043', 'Mioara Albu', 'dochioiuradu@example.com', '0726 035 584', 'IT Director', true) ON CONFLICT (id) DO NOTHING;
INSERT INTO public.contacts (id, company_id, full_name, email, phone, job_title, is_primary) VALUES ('76f96653-9dac-4b50-83fd-d38fb9a20244', '53d7b9f3-f541-4ee1-a7ab-fddb76ca48cb', 'Frusina Dobre', 'unita@example.org', '0733 684 541', 'Procurement Manager', false) ON CONFLICT (id) DO NOTHING;
INSERT INTO public.contacts (id, company_id, full_name, email, phone, job_title, is_primary) VALUES ('34cdaea9-f1ee-48ef-b804-98ef6752b5c7', '8a01eeb9-d276-48f8-889d-dc91475c6354', 'Zenobia Diaconescu', 'eftimiecatalin@example.com', '0751 012 977', 'CTO', false) ON CONFLICT (id) DO NOTHING;
INSERT INTO public.contacts (id, company_id, full_name, email, phone, job_title, is_primary) VALUES ('b2c97912-e24b-412a-8e6e-2f408bcb98af', '0d648fc2-f5a8-49fe-91db-3237ab87ee83', 'Elisabeta Barbu', 'patriciaardelean@example.net', '0744 444 408', 'Account Manager', true) ON CONFLICT (id) DO NOTHING;
INSERT INTO public.contacts (id, company_id, full_name, email, phone, job_title, is_primary) VALUES ('6c62c3ef-83c3-4462-8ba1-50abc86b01a4', '81013830-b7bb-4b91-9362-1e1a36914260', 'Ilarion Popa', 'diaconescustefania@example.org', '0235 315 863', 'Operations Manager', true) ON CONFLICT (id) DO NOTHING;
INSERT INTO public.contacts (id, company_id, full_name, email, phone, job_title, is_primary) VALUES ('c9b5347d-cd47-4101-ae46-5337ecffce3b', '0da34697-2437-4670-a89b-4c1173f1a57a', 'Alma Dumitrescu', 'anicacristea@example.com', '0256 447 158', 'Operations Manager', false) ON CONFLICT (id) DO NOTHING;
INSERT INTO public.contacts (id, company_id, full_name, email, phone, job_title, is_primary) VALUES ('b8b291ec-5d95-46f8-8a94-accb1a7df88c', '641b6c6e-4849-45b6-bb68-6d49e5951f67', 'Smaranda Ababei', 'stanescumagdalena@example.org', '0768 553 947', 'Account Manager', false) ON CONFLICT (id) DO NOTHING;
INSERT INTO public.contacts (id, company_id, full_name, email, phone, job_title, is_primary) VALUES ('c5eacc80-1a0d-4c6e-a5e9-26de399c8500', 'd9aee6a1-12c9-4a77-9beb-051968270043', 'Gențiana Gheorghiu', 'oana85@example.net', '0738 955 200', 'CFO', true) ON CONFLICT (id) DO NOTHING;
INSERT INTO public.contacts (id, company_id, full_name, email, phone, job_title, is_primary) VALUES ('623a19a2-ecb1-4571-a79d-cb9f3db4bd85', '4d341ae3-22e3-4cd6-909b-7b038e6ca7cf', 'Gianina Diaconescu', 'ucristea@example.net', '0769 302 893', 'IT Director', false) ON CONFLICT (id) DO NOTHING;
INSERT INTO public.contacts (id, company_id, full_name, email, phone, job_title, is_primary) VALUES ('a517b3c0-cf22-4f44-a579-1cd9ab642720', '0da34697-2437-4670-a89b-4c1173f1a57a', 'Cristobal Oprea', 'diaconescuachim@example.com', '0237 888 051', 'VP Sales', true) ON CONFLICT (id) DO NOTHING;
INSERT INTO public.contacts (id, company_id, full_name, email, phone, job_title, is_primary) VALUES ('588ab40b-f1de-403b-a535-781516aca52e', '3494fba9-893e-41f5-a02f-ececcffb1065', 'Aneta Dima', 'xgheorghiu@example.com', '021 280 8467', 'Account Manager', true) ON CONFLICT (id) DO NOTHING;
INSERT INTO public.contacts (id, company_id, full_name, email, phone, job_title, is_primary) VALUES ('290f14f9-951f-4b19-8477-715d796fa31b', '7059162c-d160-4fc3-ba5e-931c52555f84', 'Laurențiu Ene', 'xtoma@example.net', '0267 919 398', 'Procurement Manager', false) ON CONFLICT (id) DO NOTHING;
INSERT INTO public.contacts (id, company_id, full_name, email, phone, job_title, is_primary) VALUES ('e62304c2-318f-461f-aabb-f37f12caa627', '51594e0e-d13e-4924-8b0a-7688f7e0a34f', 'Mugurel Eftimie', 'iionescu@example.net', '0784 280 986', 'CFO', false) ON CONFLICT (id) DO NOTHING;
INSERT INTO public.contacts (id, company_id, full_name, email, phone, job_title, is_primary) VALUES ('71c9ec06-0e4c-488f-9a8b-45fa3f509457', '51594e0e-d13e-4924-8b0a-7688f7e0a34f', 'Cleopatra Nistor', 'wdiaconescu@example.net', '0729 456 126', 'CFO', true) ON CONFLICT (id) DO NOTHING;
INSERT INTO public.contacts (id, company_id, full_name, email, phone, job_title, is_primary) VALUES ('c6c8ef53-5cad-4949-8084-9767f15ec6da', '3494fba9-893e-41f5-a02f-ececcffb1065', 'Doru Pușcașu', 'maricica45@example.com', '0745 566 049', 'CEO', false) ON CONFLICT (id) DO NOTHING;
INSERT INTO public.contacts (id, company_id, full_name, email, phone, job_title, is_primary) VALUES ('e3e32345-987f-40cf-9876-fc98341f72d6', 'a83706de-9f77-457d-ae23-93d1ace994cb', 'Nicu Marin', 'ianiseftimie@example.org', '0752 031 966', 'VP Sales', true) ON CONFLICT (id) DO NOTHING;
INSERT INTO public.contacts (id, company_id, full_name, email, phone, job_title, is_primary) VALUES ('e4cb0569-2fab-4912-aa6c-73030c0fb5da', '81013830-b7bb-4b91-9362-1e1a36914260', 'Natașa Eftimie', 'adi25@example.com', '021 387 1617', 'Account Manager', true) ON CONFLICT (id) DO NOTHING;
INSERT INTO public.contacts (id, company_id, full_name, email, phone, job_title, is_primary) VALUES ('c571edd9-8aea-43fb-9497-80f12f1128e1', 'f9e4de81-260e-4987-b123-bb7ab4c78dfc', 'Haralambie Preda', 'vmazilescu@example.com', '0711 045 738', 'CEO', true) ON CONFLICT (id) DO NOTHING;
INSERT INTO public.contacts (id, company_id, full_name, email, phone, job_title, is_primary) VALUES ('f167b48c-dee6-47d3-a83f-2af380952830', '84501718-07b0-4924-a2dc-d2447344bc7e', 'Vicenția Nistor', 'demetra11@example.org', '0258 246 779', 'Operations Manager', true) ON CONFLICT (id) DO NOTHING;
INSERT INTO public.contacts (id, company_id, full_name, email, phone, job_title, is_primary) VALUES ('fda2ecf4-8f7e-43fd-8381-c319ebb55409', 'a8db0a09-7ca4-4949-9b9f-7d44d31109bb', 'Alexandra Gheorghiu', 'raresbarbu@example.org', '0766 195 337', 'Account Manager', true) ON CONFLICT (id) DO NOTHING;
INSERT INTO public.contacts (id, company_id, full_name, email, phone, job_title, is_primary) VALUES ('3f914610-2ce3-4117-aa4d-f4b199d612dd', 'd9ea42fd-f00e-4021-b43a-1a1444a18f73', 'Dinu Tomescu', 'eneianis@example.com', '0245 935 464', 'Account Manager', true) ON CONFLICT (id) DO NOTHING;
INSERT INTO public.contacts (id, company_id, full_name, email, phone, job_title, is_primary) VALUES ('1f83dd66-8cfe-4eb9-bc6b-9de7ed951d26', '7d723773-f65c-487c-a1db-52e005734887', 'Mărioara Dochioiu', 'floreamiruna@example.org', '0768 104 021', 'VP Sales', false) ON CONFLICT (id) DO NOTHING;
INSERT INTO public.contacts (id, company_id, full_name, email, phone, job_title, is_primary) VALUES ('48691db4-0edb-44fa-9082-c70f13d82d1c', 'bc67d602-94e9-4795-bd75-575f18fc0dbf', 'Augustina Florea', 'niculitaeftimie@example.net', '0252 523 978', 'CEO', false) ON CONFLICT (id) DO NOTHING;
INSERT INTO public.contacts (id, company_id, full_name, email, phone, job_title, is_primary) VALUES ('b604795f-4c9b-4450-ad90-f74187977096', 'd9aee6a1-12c9-4a77-9beb-051968270043', 'Cosmina Diaconescu', 'ricanistor@example.net', '0768 380 584', 'CEO', false) ON CONFLICT (id) DO NOTHING;
INSERT INTO public.contacts (id, company_id, full_name, email, phone, job_title, is_primary) VALUES ('1a394b58-0768-465b-8c4e-d42712bab096', '946264ca-119f-4314-bf35-0b7d6c558006', 'Janeta Dumitrescu', 'qstoica@example.net', '0744 846 004', 'CTO', true) ON CONFLICT (id) DO NOTHING;
INSERT INTO public.contacts (id, company_id, full_name, email, phone, job_title, is_primary) VALUES ('fa60014b-70bd-464f-89fd-937c4969e8bc', '946264ca-119f-4314-bf35-0b7d6c558006', 'Cazimir Stoica', 'kbarbu@example.org', '0711 373 414', 'CFO', false) ON CONFLICT (id) DO NOTHING;
INSERT INTO public.contacts (id, company_id, full_name, email, phone, job_title, is_primary) VALUES ('bb8f5bef-2528-4e73-a3f1-19f3d7b8e8f0', '5e1ea8f2-e3a5-4835-88e0-4ab677b5b4cd', 'Patricia Dumitrescu', 'idiaconescu@example.net', '0771 384 774', 'CFO', false) ON CONFLICT (id) DO NOTHING;
INSERT INTO public.contacts (id, company_id, full_name, email, phone, job_title, is_primary) VALUES ('b253ae01-879e-419a-868b-c1ffd3c4e5b1', '53d7b9f3-f541-4ee1-a7ab-fddb76ca48cb', 'Janeta Niță', 'cmocanu@example.net', '0721 162 033', 'Operations Manager', true) ON CONFLICT (id) DO NOTHING;
INSERT INTO public.contacts (id, company_id, full_name, email, phone, job_title, is_primary) VALUES ('2de62489-e84c-43cc-b97c-49ceb04d32a5', '0d648fc2-f5a8-49fe-91db-3237ab87ee83', 'Rafael Pușcașu', 'fiodorionita@example.org', '0256 866 770', 'VP Sales', false) ON CONFLICT (id) DO NOTHING;
INSERT INTO public.contacts (id, company_id, full_name, email, phone, job_title, is_primary) VALUES ('8346415d-51c9-4d9b-a204-8675c8071ac8', 'd9aee6a1-12c9-4a77-9beb-051968270043', 'Ernest Cristea', 'psuciu@example.net', '0269 342 647', 'CFO', false) ON CONFLICT (id) DO NOTHING;
INSERT INTO public.contacts (id, company_id, full_name, email, phone, job_title, is_primary) VALUES ('a25eacd4-6642-4909-8426-bd4be1720339', 'bc67d602-94e9-4795-bd75-575f18fc0dbf', 'Arsenie Popa', 'romanita75@example.org', '0245 529 549', 'IT Director', false) ON CONFLICT (id) DO NOTHING;
INSERT INTO public.contacts (id, company_id, full_name, email, phone, job_title, is_primary) VALUES ('3e1ad2b8-2c35-45a6-97a6-f6f9d68b919c', '8a01eeb9-d276-48f8-889d-dc91475c6354', 'Valter Dobre', 'opuscasu@example.net', '0770 172 006', 'IT Director', true) ON CONFLICT (id) DO NOTHING;
INSERT INTO public.contacts (id, company_id, full_name, email, phone, job_title, is_primary) VALUES ('9c09cb58-ab6d-422c-b14e-4fabcf5ae33d', 'f9e4de81-260e-4987-b123-bb7ab4c78dfc', 'Nechifor Oprea', 'pababei@example.net', '0757 179 580', 'CTO', false) ON CONFLICT (id) DO NOTHING;
INSERT INTO public.contacts (id, company_id, full_name, email, phone, job_title, is_primary) VALUES ('18ab7d35-eecf-4734-97c4-c3fb8a9617cf', '7d723773-f65c-487c-a1db-52e005734887', 'Noemi Dochioiu', 'despinapop@example.net', '0238 359 932', 'Account Manager', false) ON CONFLICT (id) DO NOTHING;
INSERT INTO public.contacts (id, company_id, full_name, email, phone, job_title, is_primary) VALUES ('0850f041-169f-4177-9b7a-34faa1788ce9', 'db67f489-e3cc-48ee-8a03-8bc51916d847', 'Marian Stănescu', 'xoprea@example.net', '0232 100 551', 'CFO', true) ON CONFLICT (id) DO NOTHING;
INSERT INTO public.contacts (id, company_id, full_name, email, phone, job_title, is_primary) VALUES ('fe81fcee-0a23-4a26-b83a-7c4c40c31f0d', 'dc1ec45a-6ba7-4ef6-9d0f-05a03503d96b', 'Magdalena Dochioiu', 'fstanescu@example.net', '0733 622 830', 'CFO', true) ON CONFLICT (id) DO NOTHING;
INSERT INTO public.contacts (id, company_id, full_name, email, phone, job_title, is_primary) VALUES ('0385a06c-73e3-4865-87a0-8d2cfa7f694e', '8a01eeb9-d276-48f8-889d-dc91475c6354', 'Vasilica Nemeș', 'saanei@example.org', '0232 022 850', 'Procurement Manager', true) ON CONFLICT (id) DO NOTHING;
INSERT INTO public.contacts (id, company_id, full_name, email, phone, job_title, is_primary) VALUES ('016f9bf6-093e-4f6e-b169-1b95160d9164', '7c0d17c5-bab4-474a-9d18-a76123bff9db', 'Lorena Tomescu', 'tomescusinica@example.net', '0772 559 902', 'CFO', false) ON CONFLICT (id) DO NOTHING;
INSERT INTO public.contacts (id, company_id, full_name, email, phone, job_title, is_primary) VALUES ('db3fdba8-de52-450a-8bf4-f4556052a9cf', '7c0d17c5-bab4-474a-9d18-a76123bff9db', 'Silviana Gheorghiu', 'dorianageorgescu@example.net', '0748 946 398', 'Procurement Manager', true) ON CONFLICT (id) DO NOTHING;
INSERT INTO public.contacts (id, company_id, full_name, email, phone, job_title, is_primary) VALUES ('b789ab0e-7bcc-4495-bdf1-8653a102f657', 'e86a82c1-0fc7-47b5-9a13-158703fc4c63', 'Casandra Oprea', 'toprea@example.org', '0740 333 454', 'Procurement Manager', false) ON CONFLICT (id) DO NOTHING;
INSERT INTO public.contacts (id, company_id, full_name, email, phone, job_title, is_primary) VALUES ('2ac41950-118e-416f-8795-9be7716c8e6e', 'a8db0a09-7ca4-4949-9b9f-7d44d31109bb', 'Pompiliu Dumitrescu', 'anatomescu@example.net', '0732 385 136', 'CEO', false) ON CONFLICT (id) DO NOTHING;

-- ORDERS
INSERT INTO public.orders (id, order_number, company_id, assigned_to, status, order_date, expected_delivery) VALUES ('1f52069e-1953-4149-90a2-e7a768436347', 'ORD-1001', '3494fba9-893e-41f5-a02f-ececcffb1065', '6f6eaf39-4fae-4d82-9c9e-5edaf0065da5', 'confirmed', '2025-06-19', '2025-06-29') ON CONFLICT (id) DO NOTHING;
INSERT INTO public.orders (id, order_number, company_id, assigned_to, status, order_date, expected_delivery) VALUES ('6ec328c6-7769-4d29-8689-8681adb09bef', 'ORD-1002', '0d648fc2-f5a8-49fe-91db-3237ab87ee83', '6f6eaf39-4fae-4d82-9c9e-5edaf0065da5', 'pending', '2026-03-26', '2026-04-05') ON CONFLICT (id) DO NOTHING;
INSERT INTO public.orders (id, order_number, company_id, assigned_to, status, order_date, expected_delivery) VALUES ('39ab0d17-6d1b-40b0-b9b8-79d4b47922e0', 'ORD-1003', '4d341ae3-22e3-4cd6-909b-7b038e6ca7cf', '6f6eaf39-4fae-4d82-9c9e-5edaf0065da5', 'shipped', '2026-01-05', '2026-01-21') ON CONFLICT (id) DO NOTHING;
INSERT INTO public.orders (id, order_number, company_id, assigned_to, status, order_date, expected_delivery) VALUES ('2c54a8fc-a405-4765-a50a-1654c6b7ea40', 'ORD-1004', 'dc1ec45a-6ba7-4ef6-9d0f-05a03503d96b', '6f6eaf39-4fae-4d82-9c9e-5edaf0065da5', 'confirmed', '2025-11-30', '2025-12-13') ON CONFLICT (id) DO NOTHING;
INSERT INTO public.orders (id, order_number, company_id, assigned_to, status, order_date, expected_delivery) VALUES ('70069226-3747-4531-8e7e-76131162a8e9', 'ORD-1005', 'd820fefe-3f48-4433-a14e-d7532c7bb93e', '6f6eaf39-4fae-4d82-9c9e-5edaf0065da5', 'delivered', '2026-01-09', '2026-02-01') ON CONFLICT (id) DO NOTHING;
INSERT INTO public.orders (id, order_number, company_id, assigned_to, status, order_date, expected_delivery) VALUES ('b776f992-63fc-4648-82af-135a9b5fb184', 'ORD-1006', '81013830-b7bb-4b91-9362-1e1a36914260', '6f6eaf39-4fae-4d82-9c9e-5edaf0065da5', 'confirmed', '2026-04-28', '2026-05-07') ON CONFLICT (id) DO NOTHING;
INSERT INTO public.orders (id, order_number, company_id, assigned_to, status, order_date, expected_delivery) VALUES ('7bd19c19-ccf7-43aa-8487-857e6f07acac', 'ORD-1007', 'fb237fbc-7e1a-4420-8bff-a73167187017', '6f6eaf39-4fae-4d82-9c9e-5edaf0065da5', 'processing', '2026-01-03', '2026-01-11') ON CONFLICT (id) DO NOTHING;
INSERT INTO public.orders (id, order_number, company_id, assigned_to, status, order_date, expected_delivery) VALUES ('0109d3c5-a0f2-4fdb-b9c3-9b32bf9edfae', 'ORD-1008', '84501718-07b0-4924-a2dc-d2447344bc7e', '6f6eaf39-4fae-4d82-9c9e-5edaf0065da5', 'processing', '2026-03-19', '2026-04-15') ON CONFLICT (id) DO NOTHING;
INSERT INTO public.orders (id, order_number, company_id, assigned_to, status, order_date, expected_delivery) VALUES ('c30413c4-1fa1-48b0-a723-75911d602c57', 'ORD-1009', 'f13cfec5-bd93-4e1a-b9ca-7560ce5747c3', '6f6eaf39-4fae-4d82-9c9e-5edaf0065da5', 'confirmed', '2025-10-10', '2025-11-03') ON CONFLICT (id) DO NOTHING;
INSERT INTO public.orders (id, order_number, company_id, assigned_to, status, order_date, expected_delivery) VALUES ('801b1a05-c15d-4273-99d8-3d34014a2850', 'ORD-1010', 'd9ea42fd-f00e-4021-b43a-1a1444a18f73', '6f6eaf39-4fae-4d82-9c9e-5edaf0065da5', 'processing', '2026-05-20', '2026-05-30') ON CONFLICT (id) DO NOTHING;
INSERT INTO public.orders (id, order_number, company_id, assigned_to, status, order_date, expected_delivery) VALUES ('22337a29-621f-4429-a25f-344d5255ae7e', 'ORD-1011', '5e1ea8f2-e3a5-4835-88e0-4ab677b5b4cd', '6f6eaf39-4fae-4d82-9c9e-5edaf0065da5', 'delivered', '2025-06-05', '2025-06-16') ON CONFLICT (id) DO NOTHING;
INSERT INTO public.orders (id, order_number, company_id, assigned_to, status, order_date, expected_delivery) VALUES ('e621cdf6-3e43-4939-83e0-6407c66e3244', 'ORD-1012', '3494fba9-893e-41f5-a02f-ececcffb1065', '6f6eaf39-4fae-4d82-9c9e-5edaf0065da5', 'draft', '2025-11-16', '2025-12-11') ON CONFLICT (id) DO NOTHING;
INSERT INTO public.orders (id, order_number, company_id, assigned_to, status, order_date, expected_delivery) VALUES ('afc3b191-cfbf-4060-b92e-bc4dfdb30cff', 'ORD-1013', '3494fba9-893e-41f5-a02f-ececcffb1065', '6f6eaf39-4fae-4d82-9c9e-5edaf0065da5', 'pending', '2026-03-20', '2026-03-28') ON CONFLICT (id) DO NOTHING;
INSERT INTO public.orders (id, order_number, company_id, assigned_to, status, order_date, expected_delivery) VALUES ('cafdd372-c8a6-4ab5-ac2a-2c66792b5201', 'ORD-1014', '7d723773-f65c-487c-a1db-52e005734887', '6f6eaf39-4fae-4d82-9c9e-5edaf0065da5', 'processing', '2026-05-04', '2026-05-22') ON CONFLICT (id) DO NOTHING;
INSERT INTO public.orders (id, order_number, company_id, assigned_to, status, order_date, expected_delivery) VALUES ('20683a55-56d4-48a4-a41e-efb511c183de', 'ORD-1015', '8a01eeb9-d276-48f8-889d-dc91475c6354', '6f6eaf39-4fae-4d82-9c9e-5edaf0065da5', 'delivered', '2025-06-17', '2025-06-27') ON CONFLICT (id) DO NOTHING;
INSERT INTO public.orders (id, order_number, company_id, assigned_to, status, order_date, expected_delivery) VALUES ('b456d78e-bc05-477b-adc5-4b45eb863495', 'ORD-1016', '7c0d17c5-bab4-474a-9d18-a76123bff9db', '6f6eaf39-4fae-4d82-9c9e-5edaf0065da5', 'delivered', '2025-10-28', '2025-11-23') ON CONFLICT (id) DO NOTHING;
INSERT INTO public.orders (id, order_number, company_id, assigned_to, status, order_date, expected_delivery) VALUES ('53aa4d87-eecd-411e-917b-4b8f86c35672', 'ORD-1017', '4d341ae3-22e3-4cd6-909b-7b038e6ca7cf', '6f6eaf39-4fae-4d82-9c9e-5edaf0065da5', 'confirmed', '2026-01-23', '2026-02-04') ON CONFLICT (id) DO NOTHING;
INSERT INTO public.orders (id, order_number, company_id, assigned_to, status, order_date, expected_delivery) VALUES ('fc18cc8c-a797-4255-92f1-f70fd4168680', 'ORD-1018', 'a8db0a09-7ca4-4949-9b9f-7d44d31109bb', '6f6eaf39-4fae-4d82-9c9e-5edaf0065da5', 'delivered', '2025-10-25', '2025-11-01') ON CONFLICT (id) DO NOTHING;
INSERT INTO public.orders (id, order_number, company_id, assigned_to, status, order_date, expected_delivery) VALUES ('21228588-e3ce-4d9a-a795-f9c5dd30d02e', 'ORD-1019', '7059162c-d160-4fc3-ba5e-931c52555f84', '6f6eaf39-4fae-4d82-9c9e-5edaf0065da5', 'delivered', '2025-12-05', '2025-12-25') ON CONFLICT (id) DO NOTHING;
INSERT INTO public.orders (id, order_number, company_id, assigned_to, status, order_date, expected_delivery) VALUES ('61be7573-486e-4f00-a7a6-daee3cd6ac98', 'ORD-1020', 'a8db0a09-7ca4-4949-9b9f-7d44d31109bb', '6f6eaf39-4fae-4d82-9c9e-5edaf0065da5', 'delivered', '2026-01-17', '2026-02-01') ON CONFLICT (id) DO NOTHING;
INSERT INTO public.orders (id, order_number, company_id, assigned_to, status, order_date, expected_delivery) VALUES ('6887544d-f949-41e8-a491-b896f316c09d', 'ORD-1021', '7059162c-d160-4fc3-ba5e-931c52555f84', '6f6eaf39-4fae-4d82-9c9e-5edaf0065da5', 'delivered', '2026-03-30', '2026-04-18') ON CONFLICT (id) DO NOTHING;
INSERT INTO public.orders (id, order_number, company_id, assigned_to, status, order_date, expected_delivery) VALUES ('8be46914-623e-42a9-b62d-8c2145d56d88', 'ORD-1022', '51594e0e-d13e-4924-8b0a-7688f7e0a34f', '6f6eaf39-4fae-4d82-9c9e-5edaf0065da5', 'draft', '2025-09-26', '2025-10-10') ON CONFLICT (id) DO NOTHING;
INSERT INTO public.orders (id, order_number, company_id, assigned_to, status, order_date, expected_delivery) VALUES ('aef6f932-79cf-4df5-a078-048055654350', 'ORD-1023', '8a01eeb9-d276-48f8-889d-dc91475c6354', '6f6eaf39-4fae-4d82-9c9e-5edaf0065da5', 'delivered', '2025-10-01', '2025-10-19') ON CONFLICT (id) DO NOTHING;
INSERT INTO public.orders (id, order_number, company_id, assigned_to, status, order_date, expected_delivery) VALUES ('e924bdab-0591-42ab-be1d-e66746bbb3b1', 'ORD-1024', '7d723773-f65c-487c-a1db-52e005734887', '6f6eaf39-4fae-4d82-9c9e-5edaf0065da5', 'delivered', '2026-01-28', '2026-02-11') ON CONFLICT (id) DO NOTHING;
INSERT INTO public.orders (id, order_number, company_id, assigned_to, status, order_date, expected_delivery) VALUES ('e7834924-827e-4b08-8e58-ed6f9596feb3', 'ORD-1025', '84501718-07b0-4924-a2dc-d2447344bc7e', '6f6eaf39-4fae-4d82-9c9e-5edaf0065da5', 'delivered', '2025-11-01', '2025-11-18') ON CONFLICT (id) DO NOTHING;
INSERT INTO public.orders (id, order_number, company_id, assigned_to, status, order_date, expected_delivery) VALUES ('e19fa121-7950-4131-b3c4-da36efd4e1af', 'ORD-1026', 'f13cfec5-bd93-4e1a-b9ca-7560ce5747c3', '6f6eaf39-4fae-4d82-9c9e-5edaf0065da5', 'delivered', '2026-01-02', '2026-01-20') ON CONFLICT (id) DO NOTHING;
INSERT INTO public.orders (id, order_number, company_id, assigned_to, status, order_date, expected_delivery) VALUES ('9f7548a5-be70-43ce-8065-20131a470cad', 'ORD-1027', 'fb237fbc-7e1a-4420-8bff-a73167187017', '6f6eaf39-4fae-4d82-9c9e-5edaf0065da5', 'shipped', '2025-06-11', '2025-07-05') ON CONFLICT (id) DO NOTHING;
INSERT INTO public.orders (id, order_number, company_id, assigned_to, status, order_date, expected_delivery) VALUES ('03a2c3b7-c849-4613-8108-1774fc6246c6', 'ORD-1028', 'b9946d4e-4f61-42ac-b46d-f22fa64653a1', '6f6eaf39-4fae-4d82-9c9e-5edaf0065da5', 'delivered', '2026-03-26', '2026-04-10') ON CONFLICT (id) DO NOTHING;
INSERT INTO public.orders (id, order_number, company_id, assigned_to, status, order_date, expected_delivery) VALUES ('8c7ddf66-9996-44b4-9aca-6f29483803f9', 'ORD-1029', '7059162c-d160-4fc3-ba5e-931c52555f84', '6f6eaf39-4fae-4d82-9c9e-5edaf0065da5', 'shipped', '2026-01-09', '2026-01-17') ON CONFLICT (id) DO NOTHING;
INSERT INTO public.orders (id, order_number, company_id, assigned_to, status, order_date, expected_delivery) VALUES ('aa63cdcd-c54d-4ff6-8520-b57695750e1a', 'ORD-1030', '0da34697-2437-4670-a89b-4c1173f1a57a', '6f6eaf39-4fae-4d82-9c9e-5edaf0065da5', 'shipped', '2025-11-29', '2025-12-29') ON CONFLICT (id) DO NOTHING;
INSERT INTO public.orders (id, order_number, company_id, assigned_to, status, order_date, expected_delivery) VALUES ('a21204c6-3af0-48c2-967c-fa63e4aa714c', 'ORD-1031', 'a8db0a09-7ca4-4949-9b9f-7d44d31109bb', '6f6eaf39-4fae-4d82-9c9e-5edaf0065da5', 'processing', '2025-07-18', '2025-08-10') ON CONFLICT (id) DO NOTHING;
INSERT INTO public.orders (id, order_number, company_id, assigned_to, status, order_date, expected_delivery) VALUES ('7012004f-f637-4d0e-8087-5facaa57e385', 'ORD-1032', '0da34697-2437-4670-a89b-4c1173f1a57a', '6f6eaf39-4fae-4d82-9c9e-5edaf0065da5', 'processing', '2025-08-02', '2025-08-15') ON CONFLICT (id) DO NOTHING;
INSERT INTO public.orders (id, order_number, company_id, assigned_to, status, order_date, expected_delivery) VALUES ('fe8054a3-5559-46fb-909a-5477a5d68b80', 'ORD-1033', 'f13cfec5-bd93-4e1a-b9ca-7560ce5747c3', '6f6eaf39-4fae-4d82-9c9e-5edaf0065da5', 'draft', '2025-10-13', '2025-10-20') ON CONFLICT (id) DO NOTHING;
INSERT INTO public.orders (id, order_number, company_id, assigned_to, status, order_date, expected_delivery) VALUES ('872f5f22-7823-4a3d-9a34-867cdcb8bfd1', 'ORD-1034', '946264ca-119f-4314-bf35-0b7d6c558006', '6f6eaf39-4fae-4d82-9c9e-5edaf0065da5', 'delivered', '2025-08-22', '2025-09-19') ON CONFLICT (id) DO NOTHING;
INSERT INTO public.orders (id, order_number, company_id, assigned_to, status, order_date, expected_delivery) VALUES ('64caf5fa-1117-4568-a904-8eb88a991883', 'ORD-1035', '4d341ae3-22e3-4cd6-909b-7b038e6ca7cf', '6f6eaf39-4fae-4d82-9c9e-5edaf0065da5', 'delivered', '2025-06-15', '2025-06-28') ON CONFLICT (id) DO NOTHING;
INSERT INTO public.orders (id, order_number, company_id, assigned_to, status, order_date, expected_delivery) VALUES ('2ba8b0de-40ab-41bb-afe5-f55e4a0b82a6', 'ORD-1036', '7c0d17c5-bab4-474a-9d18-a76123bff9db', '6f6eaf39-4fae-4d82-9c9e-5edaf0065da5', 'processing', '2025-06-18', '2025-07-05') ON CONFLICT (id) DO NOTHING;
INSERT INTO public.orders (id, order_number, company_id, assigned_to, status, order_date, expected_delivery) VALUES ('a48553bb-da58-4bb6-85e3-029708ee5db5', 'ORD-1037', 'dc1ec45a-6ba7-4ef6-9d0f-05a03503d96b', '6f6eaf39-4fae-4d82-9c9e-5edaf0065da5', 'processing', '2026-03-22', '2026-04-21') ON CONFLICT (id) DO NOTHING;
INSERT INTO public.orders (id, order_number, company_id, assigned_to, status, order_date, expected_delivery) VALUES ('0ffbbd2f-0602-4408-9bfd-a85208e2ad97', 'ORD-1038', '0d648fc2-f5a8-49fe-91db-3237ab87ee83', '6f6eaf39-4fae-4d82-9c9e-5edaf0065da5', 'processing', '2025-12-17', '2026-01-14') ON CONFLICT (id) DO NOTHING;
INSERT INTO public.orders (id, order_number, company_id, assigned_to, status, order_date, expected_delivery) VALUES ('463c1e22-171d-4a7c-8cfd-1e725d25d425', 'ORD-1039', '641b6c6e-4849-45b6-bb68-6d49e5951f67', '6f6eaf39-4fae-4d82-9c9e-5edaf0065da5', 'processing', '2025-06-02', '2025-06-18') ON CONFLICT (id) DO NOTHING;
INSERT INTO public.orders (id, order_number, company_id, assigned_to, status, order_date, expected_delivery) VALUES ('4502c3c7-2b83-41e6-a5f6-feafc171b224', 'ORD-1040', '3494fba9-893e-41f5-a02f-ececcffb1065', '6f6eaf39-4fae-4d82-9c9e-5edaf0065da5', 'pending', '2025-10-21', '2025-11-18') ON CONFLICT (id) DO NOTHING;
INSERT INTO public.orders (id, order_number, company_id, assigned_to, status, order_date, expected_delivery) VALUES ('d4b30179-b7e5-40da-84ac-434d15ced14e', 'ORD-1041', 'f9e4de81-260e-4987-b123-bb7ab4c78dfc', '6f6eaf39-4fae-4d82-9c9e-5edaf0065da5', 'delivered', '2026-02-24', '2026-03-22') ON CONFLICT (id) DO NOTHING;
INSERT INTO public.orders (id, order_number, company_id, assigned_to, status, order_date, expected_delivery) VALUES ('a8a443e4-e2f6-4b3a-9701-cb5b78758d26', 'ORD-1042', 'bc67d602-94e9-4795-bd75-575f18fc0dbf', '6f6eaf39-4fae-4d82-9c9e-5edaf0065da5', 'processing', '2025-08-17', '2025-08-24') ON CONFLICT (id) DO NOTHING;
INSERT INTO public.orders (id, order_number, company_id, assigned_to, status, order_date, expected_delivery) VALUES ('8f2f3123-fcea-47cb-a047-999a14039205', 'ORD-1043', '7d723773-f65c-487c-a1db-52e005734887', '6f6eaf39-4fae-4d82-9c9e-5edaf0065da5', 'confirmed', '2025-10-16', '2025-11-10') ON CONFLICT (id) DO NOTHING;
INSERT INTO public.orders (id, order_number, company_id, assigned_to, status, order_date, expected_delivery) VALUES ('cb2b8ff4-70c5-4d1b-ba0e-2b6e5109758b', 'ORD-1044', 'dc1ec45a-6ba7-4ef6-9d0f-05a03503d96b', '6f6eaf39-4fae-4d82-9c9e-5edaf0065da5', 'delivered', '2025-09-28', '2025-10-19') ON CONFLICT (id) DO NOTHING;
INSERT INTO public.orders (id, order_number, company_id, assigned_to, status, order_date, expected_delivery) VALUES ('9eafb048-aef7-4f3c-8adb-ca6c80e58806', 'ORD-1045', '866092d6-1e88-48e4-bc37-c29e32e87516', '6f6eaf39-4fae-4d82-9c9e-5edaf0065da5', 'delivered', '2025-09-05', '2025-09-27') ON CONFLICT (id) DO NOTHING;
INSERT INTO public.orders (id, order_number, company_id, assigned_to, status, order_date, expected_delivery) VALUES ('7b3b8246-f8a8-41c2-83fd-f40d22196094', 'ORD-1046', 'a8db0a09-7ca4-4949-9b9f-7d44d31109bb', '6f6eaf39-4fae-4d82-9c9e-5edaf0065da5', 'delivered', '2026-02-27', '2026-03-27') ON CONFLICT (id) DO NOTHING;
INSERT INTO public.orders (id, order_number, company_id, assigned_to, status, order_date, expected_delivery) VALUES ('2c060cd7-2a78-4ea4-9c12-250a6d739955', 'ORD-1047', '5e1ea8f2-e3a5-4835-88e0-4ab677b5b4cd', '6f6eaf39-4fae-4d82-9c9e-5edaf0065da5', 'confirmed', '2025-06-19', '2025-07-16') ON CONFLICT (id) DO NOTHING;
INSERT INTO public.orders (id, order_number, company_id, assigned_to, status, order_date, expected_delivery) VALUES ('a5f5c01a-30a5-4a1c-8258-5abe6ecc23cf', 'ORD-1048', 'dc1ec45a-6ba7-4ef6-9d0f-05a03503d96b', '6f6eaf39-4fae-4d82-9c9e-5edaf0065da5', 'processing', '2026-01-24', '2026-02-21') ON CONFLICT (id) DO NOTHING;
INSERT INTO public.orders (id, order_number, company_id, assigned_to, status, order_date, expected_delivery) VALUES ('9cb8687d-be64-45c1-ba91-ca78787b5d23', 'ORD-1049', '7d723773-f65c-487c-a1db-52e005734887', '6f6eaf39-4fae-4d82-9c9e-5edaf0065da5', 'confirmed', '2026-02-12', '2026-02-23') ON CONFLICT (id) DO NOTHING;
INSERT INTO public.orders (id, order_number, company_id, assigned_to, status, order_date, expected_delivery) VALUES ('5717a653-cf00-4299-a70e-fea4ebfe6c58', 'ORD-1050', '84501718-07b0-4924-a2dc-d2447344bc7e', '6f6eaf39-4fae-4d82-9c9e-5edaf0065da5', 'draft', '2025-09-23', '2025-10-19') ON CONFLICT (id) DO NOTHING;
INSERT INTO public.orders (id, order_number, company_id, assigned_to, status, order_date, expected_delivery) VALUES ('80ea29fa-9e57-40ec-872e-3621808281e8', 'ORD-1051', '51594e0e-d13e-4924-8b0a-7688f7e0a34f', '6f6eaf39-4fae-4d82-9c9e-5edaf0065da5', 'delivered', '2025-10-03', '2025-10-23') ON CONFLICT (id) DO NOTHING;
INSERT INTO public.orders (id, order_number, company_id, assigned_to, status, order_date, expected_delivery) VALUES ('b512c1c4-c2a1-4361-b883-4d1c3813acd4', 'ORD-1052', '0d648fc2-f5a8-49fe-91db-3237ab87ee83', '6f6eaf39-4fae-4d82-9c9e-5edaf0065da5', 'delivered', '2026-02-14', '2026-03-15') ON CONFLICT (id) DO NOTHING;
INSERT INTO public.orders (id, order_number, company_id, assigned_to, status, order_date, expected_delivery) VALUES ('ba976ad1-1732-4025-a9ed-265c999470bb', 'ORD-1053', 'd9ea42fd-f00e-4021-b43a-1a1444a18f73', '6f6eaf39-4fae-4d82-9c9e-5edaf0065da5', 'processing', '2025-11-01', '2025-11-15') ON CONFLICT (id) DO NOTHING;
INSERT INTO public.orders (id, order_number, company_id, assigned_to, status, order_date, expected_delivery) VALUES ('aaee39a9-7312-496c-a021-7edfad5b3607', 'ORD-1054', '2ca39714-5d7d-489e-9d06-0ee24fb108d2', '6f6eaf39-4fae-4d82-9c9e-5edaf0065da5', 'delivered', '2026-05-22', '2026-06-01') ON CONFLICT (id) DO NOTHING;
INSERT INTO public.orders (id, order_number, company_id, assigned_to, status, order_date, expected_delivery) VALUES ('5bb93b29-579d-4416-b9a9-330ad0755677', 'ORD-1055', 'db67f489-e3cc-48ee-8a03-8bc51916d847', '6f6eaf39-4fae-4d82-9c9e-5edaf0065da5', 'processing', '2026-02-23', '2026-03-24') ON CONFLICT (id) DO NOTHING;
INSERT INTO public.orders (id, order_number, company_id, assigned_to, status, order_date, expected_delivery) VALUES ('2c748321-3478-44d3-b325-e7a2a1c07481', 'ORD-1056', '946264ca-119f-4314-bf35-0b7d6c558006', '6f6eaf39-4fae-4d82-9c9e-5edaf0065da5', 'shipped', '2025-08-12', '2025-08-26') ON CONFLICT (id) DO NOTHING;
INSERT INTO public.orders (id, order_number, company_id, assigned_to, status, order_date, expected_delivery) VALUES ('ffbf18c9-49c3-4c6b-90ed-b685f1f8f0e7', 'ORD-1057', 'a83706de-9f77-457d-ae23-93d1ace994cb', '6f6eaf39-4fae-4d82-9c9e-5edaf0065da5', 'delivered', '2025-10-03', '2025-10-14') ON CONFLICT (id) DO NOTHING;
INSERT INTO public.orders (id, order_number, company_id, assigned_to, status, order_date, expected_delivery) VALUES ('a219ad76-e394-47bd-9979-96fa79810f91', 'ORD-1058', 'a8db0a09-7ca4-4949-9b9f-7d44d31109bb', '6f6eaf39-4fae-4d82-9c9e-5edaf0065da5', 'shipped', '2025-08-26', '2025-09-19') ON CONFLICT (id) DO NOTHING;
INSERT INTO public.orders (id, order_number, company_id, assigned_to, status, order_date, expected_delivery) VALUES ('5d5c2cf6-19e4-4780-9a8f-c4de6b228199', 'ORD-1059', 'dc1ec45a-6ba7-4ef6-9d0f-05a03503d96b', '6f6eaf39-4fae-4d82-9c9e-5edaf0065da5', 'processing', '2025-10-10', '2025-11-05') ON CONFLICT (id) DO NOTHING;
INSERT INTO public.orders (id, order_number, company_id, assigned_to, status, order_date, expected_delivery) VALUES ('a79676c5-a5df-442b-a563-63022213cbda', 'ORD-1060', 'e86a82c1-0fc7-47b5-9a13-158703fc4c63', '6f6eaf39-4fae-4d82-9c9e-5edaf0065da5', 'delivered', '2025-09-08', '2025-09-28') ON CONFLICT (id) DO NOTHING;
INSERT INTO public.orders (id, order_number, company_id, assigned_to, status, order_date, expected_delivery) VALUES ('ec324112-29a8-4881-a3c4-c3138406ed8f', 'ORD-1061', 'e86a82c1-0fc7-47b5-9a13-158703fc4c63', '6f6eaf39-4fae-4d82-9c9e-5edaf0065da5', 'delivered', '2025-10-08', '2025-10-20') ON CONFLICT (id) DO NOTHING;
INSERT INTO public.orders (id, order_number, company_id, assigned_to, status, order_date, expected_delivery) VALUES ('26a45a21-ab53-4e2d-ac3d-47e61dbd969c', 'ORD-1062', '4d341ae3-22e3-4cd6-909b-7b038e6ca7cf', '6f6eaf39-4fae-4d82-9c9e-5edaf0065da5', 'delivered', '2025-10-06', '2025-10-21') ON CONFLICT (id) DO NOTHING;
INSERT INTO public.orders (id, order_number, company_id, assigned_to, status, order_date, expected_delivery) VALUES ('80574b8f-6fd1-4d28-92dd-24a047e622fc', 'ORD-1063', 'db67f489-e3cc-48ee-8a03-8bc51916d847', '6f6eaf39-4fae-4d82-9c9e-5edaf0065da5', 'confirmed', '2025-07-02', '2025-07-17') ON CONFLICT (id) DO NOTHING;
INSERT INTO public.orders (id, order_number, company_id, assigned_to, status, order_date, expected_delivery) VALUES ('723a3f0b-1fee-4c0e-9a3a-26bccafdd88d', 'ORD-1064', 'db67f489-e3cc-48ee-8a03-8bc51916d847', '6f6eaf39-4fae-4d82-9c9e-5edaf0065da5', 'delivered', '2025-09-18', '2025-10-15') ON CONFLICT (id) DO NOTHING;
INSERT INTO public.orders (id, order_number, company_id, assigned_to, status, order_date, expected_delivery) VALUES ('d425acf2-8d46-47fc-908d-fe76e93a35aa', 'ORD-1065', '53d7b9f3-f541-4ee1-a7ab-fddb76ca48cb', '6f6eaf39-4fae-4d82-9c9e-5edaf0065da5', 'confirmed', '2026-04-15', '2026-05-14') ON CONFLICT (id) DO NOTHING;
INSERT INTO public.orders (id, order_number, company_id, assigned_to, status, order_date, expected_delivery) VALUES ('9dab0617-45ab-463f-b7c7-bb3e98944b8a', 'ORD-1066', '7d723773-f65c-487c-a1db-52e005734887', '6f6eaf39-4fae-4d82-9c9e-5edaf0065da5', 'confirmed', '2025-12-04', '2025-12-21') ON CONFLICT (id) DO NOTHING;
INSERT INTO public.orders (id, order_number, company_id, assigned_to, status, order_date, expected_delivery) VALUES ('a8b2c9e9-0af0-431e-bc42-c7edd0c33616', 'ORD-1067', '0d648fc2-f5a8-49fe-91db-3237ab87ee83', '6f6eaf39-4fae-4d82-9c9e-5edaf0065da5', 'shipped', '2026-03-15', '2026-03-26') ON CONFLICT (id) DO NOTHING;
INSERT INTO public.orders (id, order_number, company_id, assigned_to, status, order_date, expected_delivery) VALUES ('02a580be-1a17-4ac6-8751-45e2d68924a2', 'ORD-1068', '53d7b9f3-f541-4ee1-a7ab-fddb76ca48cb', '6f6eaf39-4fae-4d82-9c9e-5edaf0065da5', 'processing', '2026-03-07', '2026-04-05') ON CONFLICT (id) DO NOTHING;
INSERT INTO public.orders (id, order_number, company_id, assigned_to, status, order_date, expected_delivery) VALUES ('3f0a738a-db9c-40e6-bac7-977f0fd78fd8', 'ORD-1069', '8a01eeb9-d276-48f8-889d-dc91475c6354', '6f6eaf39-4fae-4d82-9c9e-5edaf0065da5', 'pending', '2025-10-28', '2025-11-14') ON CONFLICT (id) DO NOTHING;
INSERT INTO public.orders (id, order_number, company_id, assigned_to, status, order_date, expected_delivery) VALUES ('3ec43417-be3a-404d-8105-dac9373d88f9', 'ORD-1070', '3494fba9-893e-41f5-a02f-ececcffb1065', '6f6eaf39-4fae-4d82-9c9e-5edaf0065da5', 'shipped', '2026-04-23', '2026-05-06') ON CONFLICT (id) DO NOTHING;
INSERT INTO public.orders (id, order_number, company_id, assigned_to, status, order_date, expected_delivery) VALUES ('1f29f86d-1fa2-447f-8503-8adb9b11339d', 'ORD-1071', 'e86a82c1-0fc7-47b5-9a13-158703fc4c63', '6f6eaf39-4fae-4d82-9c9e-5edaf0065da5', 'processing', '2025-07-29', '2025-08-27') ON CONFLICT (id) DO NOTHING;
INSERT INTO public.orders (id, order_number, company_id, assigned_to, status, order_date, expected_delivery) VALUES ('8168cdf6-ec98-4178-9067-8e9e0a40a124', 'ORD-1072', '84501718-07b0-4924-a2dc-d2447344bc7e', '6f6eaf39-4fae-4d82-9c9e-5edaf0065da5', 'delivered', '2025-08-03', '2025-08-22') ON CONFLICT (id) DO NOTHING;
INSERT INTO public.orders (id, order_number, company_id, assigned_to, status, order_date, expected_delivery) VALUES ('4a413e43-b61e-4bbe-839c-e3bc5e35b929', 'ORD-1073', '81013830-b7bb-4b91-9362-1e1a36914260', '6f6eaf39-4fae-4d82-9c9e-5edaf0065da5', 'draft', '2025-11-25', '2025-12-11') ON CONFLICT (id) DO NOTHING;
INSERT INTO public.orders (id, order_number, company_id, assigned_to, status, order_date, expected_delivery) VALUES ('e1040bda-e143-41fb-8a58-9850f5f91ac4', 'ORD-1074', 'db67f489-e3cc-48ee-8a03-8bc51916d847', '6f6eaf39-4fae-4d82-9c9e-5edaf0065da5', 'processing', '2025-10-22', '2025-11-15') ON CONFLICT (id) DO NOTHING;
INSERT INTO public.orders (id, order_number, company_id, assigned_to, status, order_date, expected_delivery) VALUES ('9e1b4693-7dec-4a94-acf4-27864f393f30', 'ORD-1075', '4d341ae3-22e3-4cd6-909b-7b038e6ca7cf', '6f6eaf39-4fae-4d82-9c9e-5edaf0065da5', 'delivered', '2025-07-20', '2025-08-03') ON CONFLICT (id) DO NOTHING;
INSERT INTO public.orders (id, order_number, company_id, assigned_to, status, order_date, expected_delivery) VALUES ('d483d8b9-7610-490e-a398-80a4f6b3a3ec', 'ORD-1076', '81013830-b7bb-4b91-9362-1e1a36914260', '6f6eaf39-4fae-4d82-9c9e-5edaf0065da5', 'confirmed', '2025-10-13', '2025-11-04') ON CONFLICT (id) DO NOTHING;
INSERT INTO public.orders (id, order_number, company_id, assigned_to, status, order_date, expected_delivery) VALUES ('8b084a0d-1f38-43f0-a796-9b9c530f1191', 'ORD-1077', '84501718-07b0-4924-a2dc-d2447344bc7e', '6f6eaf39-4fae-4d82-9c9e-5edaf0065da5', 'processing', '2025-06-16', '2025-07-14') ON CONFLICT (id) DO NOTHING;
INSERT INTO public.orders (id, order_number, company_id, assigned_to, status, order_date, expected_delivery) VALUES ('eefb0a56-0796-4ff1-8bf0-c48a3f2b2b95', 'ORD-1078', 'a8db0a09-7ca4-4949-9b9f-7d44d31109bb', '6f6eaf39-4fae-4d82-9c9e-5edaf0065da5', 'processing', '2026-03-01', '2026-03-22') ON CONFLICT (id) DO NOTHING;
INSERT INTO public.orders (id, order_number, company_id, assigned_to, status, order_date, expected_delivery) VALUES ('2c203f0c-7f50-4cc6-841f-5dbf23df42f8', 'ORD-1079', 'a83706de-9f77-457d-ae23-93d1ace994cb', '6f6eaf39-4fae-4d82-9c9e-5edaf0065da5', 'pending', '2025-07-10', '2025-08-03') ON CONFLICT (id) DO NOTHING;
INSERT INTO public.orders (id, order_number, company_id, assigned_to, status, order_date, expected_delivery) VALUES ('2e31222d-55bd-4b74-bb0f-74ac843e5624', 'ORD-1080', '84501718-07b0-4924-a2dc-d2447344bc7e', '6f6eaf39-4fae-4d82-9c9e-5edaf0065da5', 'delivered', '2025-07-25', '2025-08-19') ON CONFLICT (id) DO NOTHING;
INSERT INTO public.orders (id, order_number, company_id, assigned_to, status, order_date, expected_delivery) VALUES ('72498471-8b4d-428d-90b8-fafe28e1b529', 'ORD-1081', 'd820fefe-3f48-4433-a14e-d7532c7bb93e', '6f6eaf39-4fae-4d82-9c9e-5edaf0065da5', 'draft', '2025-06-29', '2025-07-19') ON CONFLICT (id) DO NOTHING;
INSERT INTO public.orders (id, order_number, company_id, assigned_to, status, order_date, expected_delivery) VALUES ('71a7a4d1-5f09-493d-be6b-07b7f0fadfaa', 'ORD-1082', '2ca39714-5d7d-489e-9d06-0ee24fb108d2', '6f6eaf39-4fae-4d82-9c9e-5edaf0065da5', 'delivered', '2026-02-20', '2026-02-28') ON CONFLICT (id) DO NOTHING;
INSERT INTO public.orders (id, order_number, company_id, assigned_to, status, order_date, expected_delivery) VALUES ('4be03cdf-d49b-4ac8-8c84-d47d65067f73', 'ORD-1083', 'f13cfec5-bd93-4e1a-b9ca-7560ce5747c3', '6f6eaf39-4fae-4d82-9c9e-5edaf0065da5', 'processing', '2026-02-05', '2026-02-26') ON CONFLICT (id) DO NOTHING;
INSERT INTO public.orders (id, order_number, company_id, assigned_to, status, order_date, expected_delivery) VALUES ('5e68287d-a75f-42c7-9b48-4034e1160090', 'ORD-1084', 'b9946d4e-4f61-42ac-b46d-f22fa64653a1', '6f6eaf39-4fae-4d82-9c9e-5edaf0065da5', 'processing', '2025-11-11', '2025-11-26') ON CONFLICT (id) DO NOTHING;
INSERT INTO public.orders (id, order_number, company_id, assigned_to, status, order_date, expected_delivery) VALUES ('25cc741e-e755-4145-b7a3-a9bcebd2c23f', 'ORD-1085', 'db67f489-e3cc-48ee-8a03-8bc51916d847', '6f6eaf39-4fae-4d82-9c9e-5edaf0065da5', 'cancelled', '2025-10-21', '2025-11-05') ON CONFLICT (id) DO NOTHING;
INSERT INTO public.orders (id, order_number, company_id, assigned_to, status, order_date, expected_delivery) VALUES ('a7c00112-bcfb-4e20-89e4-cb2c26043f5e', 'ORD-1086', 'e86a82c1-0fc7-47b5-9a13-158703fc4c63', '6f6eaf39-4fae-4d82-9c9e-5edaf0065da5', 'pending', '2026-05-15', '2026-06-14') ON CONFLICT (id) DO NOTHING;
INSERT INTO public.orders (id, order_number, company_id, assigned_to, status, order_date, expected_delivery) VALUES ('a64bf783-a053-4832-af6c-b0a7e54684dd', 'ORD-1087', '3494fba9-893e-41f5-a02f-ececcffb1065', '6f6eaf39-4fae-4d82-9c9e-5edaf0065da5', 'pending', '2025-11-26', '2025-12-10') ON CONFLICT (id) DO NOTHING;
INSERT INTO public.orders (id, order_number, company_id, assigned_to, status, order_date, expected_delivery) VALUES ('4ad472b6-3ddf-4845-a20b-f525f4a70440', 'ORD-1088', 'fb237fbc-7e1a-4420-8bff-a73167187017', '6f6eaf39-4fae-4d82-9c9e-5edaf0065da5', 'pending', '2025-06-25', '2025-07-03') ON CONFLICT (id) DO NOTHING;
INSERT INTO public.orders (id, order_number, company_id, assigned_to, status, order_date, expected_delivery) VALUES ('1adf6ffe-cee9-441a-bf37-a8dfcfbfe94d', 'ORD-1089', 'db67f489-e3cc-48ee-8a03-8bc51916d847', '6f6eaf39-4fae-4d82-9c9e-5edaf0065da5', 'draft', '2026-01-18', '2026-01-31') ON CONFLICT (id) DO NOTHING;
INSERT INTO public.orders (id, order_number, company_id, assigned_to, status, order_date, expected_delivery) VALUES ('22084e34-ce71-4bf5-a07b-69bc9518a697', 'ORD-1090', 'e86a82c1-0fc7-47b5-9a13-158703fc4c63', '6f6eaf39-4fae-4d82-9c9e-5edaf0065da5', 'draft', '2026-03-07', '2026-03-21') ON CONFLICT (id) DO NOTHING;
INSERT INTO public.orders (id, order_number, company_id, assigned_to, status, order_date, expected_delivery) VALUES ('82ec2f2f-7793-4ae3-aea7-0aca4a3808d3', 'ORD-1091', '2ca39714-5d7d-489e-9d06-0ee24fb108d2', '6f6eaf39-4fae-4d82-9c9e-5edaf0065da5', 'shipped', '2026-03-27', '2026-04-21') ON CONFLICT (id) DO NOTHING;
INSERT INTO public.orders (id, order_number, company_id, assigned_to, status, order_date, expected_delivery) VALUES ('98e7482d-fa9c-4f6f-a2f9-0401fa73db86', 'ORD-1092', '8a01eeb9-d276-48f8-889d-dc91475c6354', '6f6eaf39-4fae-4d82-9c9e-5edaf0065da5', 'shipped', '2026-01-13', '2026-01-31') ON CONFLICT (id) DO NOTHING;
INSERT INTO public.orders (id, order_number, company_id, assigned_to, status, order_date, expected_delivery) VALUES ('5566d0f7-9bd7-4baa-ba69-031fe9a6d93e', 'ORD-1093', '7059162c-d160-4fc3-ba5e-931c52555f84', '6f6eaf39-4fae-4d82-9c9e-5edaf0065da5', 'delivered', '2026-03-27', '2026-04-08') ON CONFLICT (id) DO NOTHING;
INSERT INTO public.orders (id, order_number, company_id, assigned_to, status, order_date, expected_delivery) VALUES ('61a84ac3-7501-441d-80a8-315599688032', 'ORD-1094', '7d723773-f65c-487c-a1db-52e005734887', '6f6eaf39-4fae-4d82-9c9e-5edaf0065da5', 'pending', '2026-05-11', '2026-05-27') ON CONFLICT (id) DO NOTHING;
INSERT INTO public.orders (id, order_number, company_id, assigned_to, status, order_date, expected_delivery) VALUES ('161b0601-6749-4167-85b2-619647248706', 'ORD-1095', 'bc67d602-94e9-4795-bd75-575f18fc0dbf', '6f6eaf39-4fae-4d82-9c9e-5edaf0065da5', 'delivered', '2025-11-13', '2025-12-02') ON CONFLICT (id) DO NOTHING;
INSERT INTO public.orders (id, order_number, company_id, assigned_to, status, order_date, expected_delivery) VALUES ('cbcc48de-dbb0-4393-9b06-5fc1ba3923da', 'ORD-1096', 'd9ea42fd-f00e-4021-b43a-1a1444a18f73', '6f6eaf39-4fae-4d82-9c9e-5edaf0065da5', 'confirmed', '2025-07-25', '2025-08-23') ON CONFLICT (id) DO NOTHING;
INSERT INTO public.orders (id, order_number, company_id, assigned_to, status, order_date, expected_delivery) VALUES ('e194bd6a-9aea-48f1-9ec4-9d78418dd3f3', 'ORD-1097', 'e86a82c1-0fc7-47b5-9a13-158703fc4c63', '6f6eaf39-4fae-4d82-9c9e-5edaf0065da5', 'delivered', '2026-04-02', '2026-05-01') ON CONFLICT (id) DO NOTHING;
INSERT INTO public.orders (id, order_number, company_id, assigned_to, status, order_date, expected_delivery) VALUES ('1ab32236-9eb8-4f90-b8ac-b3a9bbae1e7b', 'ORD-1098', 'db67f489-e3cc-48ee-8a03-8bc51916d847', '6f6eaf39-4fae-4d82-9c9e-5edaf0065da5', 'processing', '2025-06-08', '2025-07-04') ON CONFLICT (id) DO NOTHING;
INSERT INTO public.orders (id, order_number, company_id, assigned_to, status, order_date, expected_delivery) VALUES ('a00a95a9-0ffd-4830-bd82-40775798b1ee', 'ORD-1099', 'a8db0a09-7ca4-4949-9b9f-7d44d31109bb', '6f6eaf39-4fae-4d82-9c9e-5edaf0065da5', 'pending', '2025-08-08', '2025-08-16') ON CONFLICT (id) DO NOTHING;
INSERT INTO public.orders (id, order_number, company_id, assigned_to, status, order_date, expected_delivery) VALUES ('31a5e729-1b58-4995-900b-017f30aa22d6', 'ORD-1100', '7c0d17c5-bab4-474a-9d18-a76123bff9db', '6f6eaf39-4fae-4d82-9c9e-5edaf0065da5', 'shipped', '2025-06-20', '2025-07-08') ON CONFLICT (id) DO NOTHING;
INSERT INTO public.orders (id, order_number, company_id, assigned_to, status, order_date, expected_delivery) VALUES ('aab73545-44aa-417b-816f-26887870899e', 'ORD-1101', '5e1ea8f2-e3a5-4835-88e0-4ab677b5b4cd', '6f6eaf39-4fae-4d82-9c9e-5edaf0065da5', 'shipped', '2025-12-01', '2025-12-08') ON CONFLICT (id) DO NOTHING;
INSERT INTO public.orders (id, order_number, company_id, assigned_to, status, order_date, expected_delivery) VALUES ('643b74d1-b9f3-4bdd-ae74-fe09ff6c3084', 'ORD-1102', '51594e0e-d13e-4924-8b0a-7688f7e0a34f', '6f6eaf39-4fae-4d82-9c9e-5edaf0065da5', 'processing', '2025-09-16', '2025-09-26') ON CONFLICT (id) DO NOTHING;
INSERT INTO public.orders (id, order_number, company_id, assigned_to, status, order_date, expected_delivery) VALUES ('d1751ad2-7f2a-476e-82c4-336d7a752b38', 'ORD-1103', '641b6c6e-4849-45b6-bb68-6d49e5951f67', '6f6eaf39-4fae-4d82-9c9e-5edaf0065da5', 'cancelled', '2025-07-03', '2025-07-24') ON CONFLICT (id) DO NOTHING;
INSERT INTO public.orders (id, order_number, company_id, assigned_to, status, order_date, expected_delivery) VALUES ('5bb6f0c6-4308-4d63-8667-4774d3b67dc2', 'ORD-1104', 'd9ea42fd-f00e-4021-b43a-1a1444a18f73', '6f6eaf39-4fae-4d82-9c9e-5edaf0065da5', 'confirmed', '2026-02-23', '2026-03-25') ON CONFLICT (id) DO NOTHING;
INSERT INTO public.orders (id, order_number, company_id, assigned_to, status, order_date, expected_delivery) VALUES ('dcdb5f46-7eaf-4325-b435-abe4af3e271d', 'ORD-1105', '946264ca-119f-4314-bf35-0b7d6c558006', '6f6eaf39-4fae-4d82-9c9e-5edaf0065da5', 'cancelled', '2026-01-06', '2026-02-01') ON CONFLICT (id) DO NOTHING;
INSERT INTO public.orders (id, order_number, company_id, assigned_to, status, order_date, expected_delivery) VALUES ('789eb12c-38d3-4a14-95ce-f450fb726b55', 'ORD-1106', 'a8db0a09-7ca4-4949-9b9f-7d44d31109bb', '6f6eaf39-4fae-4d82-9c9e-5edaf0065da5', 'delivered', '2025-09-19', '2025-10-10') ON CONFLICT (id) DO NOTHING;
INSERT INTO public.orders (id, order_number, company_id, assigned_to, status, order_date, expected_delivery) VALUES ('7a17774d-9cc0-4607-9cda-8505173190ee', 'ORD-1107', '641b6c6e-4849-45b6-bb68-6d49e5951f67', '6f6eaf39-4fae-4d82-9c9e-5edaf0065da5', 'delivered', '2025-07-25', '2025-08-09') ON CONFLICT (id) DO NOTHING;
INSERT INTO public.orders (id, order_number, company_id, assigned_to, status, order_date, expected_delivery) VALUES ('abe21960-b41d-43d2-ab91-557e27cf8339', 'ORD-1108', 'b9946d4e-4f61-42ac-b46d-f22fa64653a1', '6f6eaf39-4fae-4d82-9c9e-5edaf0065da5', 'delivered', '2026-04-10', '2026-04-25') ON CONFLICT (id) DO NOTHING;
INSERT INTO public.orders (id, order_number, company_id, assigned_to, status, order_date, expected_delivery) VALUES ('e534aad7-c5e2-47d5-bacd-2c8cb62a09f3', 'ORD-1109', '0d648fc2-f5a8-49fe-91db-3237ab87ee83', '6f6eaf39-4fae-4d82-9c9e-5edaf0065da5', 'shipped', '2025-09-29', '2025-10-24') ON CONFLICT (id) DO NOTHING;
INSERT INTO public.orders (id, order_number, company_id, assigned_to, status, order_date, expected_delivery) VALUES ('c68a2164-b776-471b-b2bc-547adc98798a', 'ORD-1110', 'dc1ec45a-6ba7-4ef6-9d0f-05a03503d96b', '6f6eaf39-4fae-4d82-9c9e-5edaf0065da5', 'delivered', '2025-12-03', '2025-12-10') ON CONFLICT (id) DO NOTHING;
INSERT INTO public.orders (id, order_number, company_id, assigned_to, status, order_date, expected_delivery) VALUES ('de7405db-a72d-4516-acf0-d46137668e8a', 'ORD-1111', '81013830-b7bb-4b91-9362-1e1a36914260', '6f6eaf39-4fae-4d82-9c9e-5edaf0065da5', 'delivered', '2026-02-20', '2026-03-14') ON CONFLICT (id) DO NOTHING;
INSERT INTO public.orders (id, order_number, company_id, assigned_to, status, order_date, expected_delivery) VALUES ('ca215f0f-2a41-4a24-b3df-913274ab9ff5', 'ORD-1112', '8a01eeb9-d276-48f8-889d-dc91475c6354', '6f6eaf39-4fae-4d82-9c9e-5edaf0065da5', 'processing', '2026-01-12', '2026-01-29') ON CONFLICT (id) DO NOTHING;
INSERT INTO public.orders (id, order_number, company_id, assigned_to, status, order_date, expected_delivery) VALUES ('78a3e80e-3e31-4157-9212-261cf60d31b8', 'ORD-1113', 'f13cfec5-bd93-4e1a-b9ca-7560ce5747c3', '6f6eaf39-4fae-4d82-9c9e-5edaf0065da5', 'delivered', '2025-05-30', '2025-06-14') ON CONFLICT (id) DO NOTHING;
INSERT INTO public.orders (id, order_number, company_id, assigned_to, status, order_date, expected_delivery) VALUES ('2839afb5-759f-4875-85c6-57a50c866d57', 'ORD-1114', '3494fba9-893e-41f5-a02f-ececcffb1065', '6f6eaf39-4fae-4d82-9c9e-5edaf0065da5', 'draft', '2026-02-16', '2026-02-25') ON CONFLICT (id) DO NOTHING;
INSERT INTO public.orders (id, order_number, company_id, assigned_to, status, order_date, expected_delivery) VALUES ('cf1b4927-33d9-4464-96a1-bbe49e21596c', 'ORD-1115', '53d7b9f3-f541-4ee1-a7ab-fddb76ca48cb', '6f6eaf39-4fae-4d82-9c9e-5edaf0065da5', 'delivered', '2025-09-16', '2025-10-10') ON CONFLICT (id) DO NOTHING;
INSERT INTO public.orders (id, order_number, company_id, assigned_to, status, order_date, expected_delivery) VALUES ('746a7822-b6e0-4d85-ac5e-d495d8f31add', 'ORD-1116', 'db67f489-e3cc-48ee-8a03-8bc51916d847', '6f6eaf39-4fae-4d82-9c9e-5edaf0065da5', 'confirmed', '2025-09-23', '2025-10-20') ON CONFLICT (id) DO NOTHING;
INSERT INTO public.orders (id, order_number, company_id, assigned_to, status, order_date, expected_delivery) VALUES ('934a5866-27c5-4824-920f-2260edd30577', 'ORD-1117', 'd9ea42fd-f00e-4021-b43a-1a1444a18f73', '6f6eaf39-4fae-4d82-9c9e-5edaf0065da5', 'shipped', '2026-05-16', '2026-05-25') ON CONFLICT (id) DO NOTHING;
INSERT INTO public.orders (id, order_number, company_id, assigned_to, status, order_date, expected_delivery) VALUES ('da09ebbf-9f45-4ab3-8e36-794c5ae3091c', 'ORD-1118', '7d723773-f65c-487c-a1db-52e005734887', '6f6eaf39-4fae-4d82-9c9e-5edaf0065da5', 'confirmed', '2025-06-04', '2025-06-18') ON CONFLICT (id) DO NOTHING;
INSERT INTO public.orders (id, order_number, company_id, assigned_to, status, order_date, expected_delivery) VALUES ('264acef9-5ac0-4311-95ba-a93a3087c41d', 'ORD-1119', '7d723773-f65c-487c-a1db-52e005734887', '6f6eaf39-4fae-4d82-9c9e-5edaf0065da5', 'delivered', '2025-11-17', '2025-12-09') ON CONFLICT (id) DO NOTHING;
INSERT INTO public.orders (id, order_number, company_id, assigned_to, status, order_date, expected_delivery) VALUES ('b00d45d6-713f-4dec-bb25-6f2610edbdda', 'ORD-1120', '3494fba9-893e-41f5-a02f-ececcffb1065', '6f6eaf39-4fae-4d82-9c9e-5edaf0065da5', 'shipped', '2025-10-19', '2025-11-18') ON CONFLICT (id) DO NOTHING;

-- ORDER ITEMS (trigger will auto-update order totals)
INSERT INTO public.order_items (id, order_id, product_id, quantity, unit_price) VALUES ('86a0d79a-b04c-4354-88d2-63a35d227fd8', '1f52069e-1953-4149-90a2-e7a768436347', '7f639995-68b2-441e-85b9-c73e9d668710', 5, 2850.84) ON CONFLICT (id) DO NOTHING;
INSERT INTO public.order_items (id, order_id, product_id, quantity, unit_price) VALUES ('97390a06-a4fc-4e59-bd8b-99b2509039ae', '1f52069e-1953-4149-90a2-e7a768436347', '715f9f83-d3c7-4384-8953-821530004994', 2, 5743.41) ON CONFLICT (id) DO NOTHING;
INSERT INTO public.order_items (id, order_id, product_id, quantity, unit_price) VALUES ('22d21b26-dbb7-44f0-a8e9-729948f0f3c6', '1f52069e-1953-4149-90a2-e7a768436347', '6da4251d-1cba-46c6-8d26-ff14eed1384d', 6, 5543.47) ON CONFLICT (id) DO NOTHING;
INSERT INTO public.order_items (id, order_id, product_id, quantity, unit_price) VALUES ('68a0f773-d400-40d4-a88d-e389059bd003', '6ec328c6-7769-4d29-8689-8681adb09bef', '6cb45a38-bc5e-4338-9c11-e18dc464ddc0', 8, 1719.54) ON CONFLICT (id) DO NOTHING;
INSERT INTO public.order_items (id, order_id, product_id, quantity, unit_price) VALUES ('051012ce-9861-4613-a66a-f8190a827efa', '6ec328c6-7769-4d29-8689-8681adb09bef', '62ef8688-4450-4576-a31f-f9b14adc145e', 10, 5257.54) ON CONFLICT (id) DO NOTHING;
INSERT INTO public.order_items (id, order_id, product_id, quantity, unit_price) VALUES ('5f5c934e-5a6d-441c-abf8-e5f16340176f', '39ab0d17-6d1b-40b0-b9b8-79d4b47922e0', '90bbbb7e-abea-4773-8a46-f68d63a5e5b2', 4, 2915.56) ON CONFLICT (id) DO NOTHING;
INSERT INTO public.order_items (id, order_id, product_id, quantity, unit_price) VALUES ('839a851a-0a55-45b1-9db0-2c073c425bda', '39ab0d17-6d1b-40b0-b9b8-79d4b47922e0', '6cb45a38-bc5e-4338-9c11-e18dc464ddc0', 5, 1625.09) ON CONFLICT (id) DO NOTHING;
INSERT INTO public.order_items (id, order_id, product_id, quantity, unit_price) VALUES ('5a37024a-c39b-4198-bea4-278b5edcf207', '39ab0d17-6d1b-40b0-b9b8-79d4b47922e0', '0bead72f-27ce-45d9-9333-9394e3478b36', 9, 4163.92) ON CONFLICT (id) DO NOTHING;
INSERT INTO public.order_items (id, order_id, product_id, quantity, unit_price) VALUES ('35bf603f-0b07-45bc-ad30-52a468c07d4a', '2c54a8fc-a405-4765-a50a-1654c6b7ea40', 'e1a9712c-ef94-4a08-ad16-c256e8aff469', 9, 8624.89) ON CONFLICT (id) DO NOTHING;
INSERT INTO public.order_items (id, order_id, product_id, quantity, unit_price) VALUES ('e9ffdbb3-e6de-45b1-a689-229f72ac635a', '70069226-3747-4531-8e7e-76131162a8e9', '10a9909c-0123-4884-a2c3-74c52093ac2d', 1, 3653.33) ON CONFLICT (id) DO NOTHING;
INSERT INTO public.order_items (id, order_id, product_id, quantity, unit_price) VALUES ('e448fdf0-e725-478e-be2f-cad435e5e778', '70069226-3747-4531-8e7e-76131162a8e9', '90bbbb7e-abea-4773-8a46-f68d63a5e5b2', 8, 2986.23) ON CONFLICT (id) DO NOTHING;
INSERT INTO public.order_items (id, order_id, product_id, quantity, unit_price) VALUES ('6b0d7d23-22df-4fcc-8650-1ef863791119', 'b776f992-63fc-4648-82af-135a9b5fb184', 'e0df1e4d-4eab-4bf8-acef-7f26f3251925', 8, 4798.65) ON CONFLICT (id) DO NOTHING;
INSERT INTO public.order_items (id, order_id, product_id, quantity, unit_price) VALUES ('479fb7e8-90f5-4bbb-9442-45c4fea2de16', 'b776f992-63fc-4648-82af-135a9b5fb184', 'e1a9712c-ef94-4a08-ad16-c256e8aff469', 2, 8820.29) ON CONFLICT (id) DO NOTHING;
INSERT INTO public.order_items (id, order_id, product_id, quantity, unit_price) VALUES ('46a04fd5-771b-42f7-8959-42fa1f827bd4', 'b776f992-63fc-4648-82af-135a9b5fb184', '6da4251d-1cba-46c6-8d26-ff14eed1384d', 2, 6092.43) ON CONFLICT (id) DO NOTHING;
INSERT INTO public.order_items (id, order_id, product_id, quantity, unit_price) VALUES ('4ca70af3-4f85-4464-a0b1-a2a0055b87de', '7bd19c19-ccf7-43aa-8487-857e6f07acac', 'c92d3b68-c672-47db-b31c-d22de38b3fef', 3, 3717.8) ON CONFLICT (id) DO NOTHING;
INSERT INTO public.order_items (id, order_id, product_id, quantity, unit_price) VALUES ('3ebac57c-c101-4847-bc2b-9c0544a7fb86', '0109d3c5-a0f2-4fdb-b9c3-9b32bf9edfae', 'f9574cf1-226e-4263-93bb-de3c5e9afc41', 9, 5263.39) ON CONFLICT (id) DO NOTHING;
INSERT INTO public.order_items (id, order_id, product_id, quantity, unit_price) VALUES ('31f2c881-8980-478c-860f-27567b0bba0d', '0109d3c5-a0f2-4fdb-b9c3-9b32bf9edfae', '94631abd-5c1a-48d3-8c73-28bb95356e3f', 10, 12230.7) ON CONFLICT (id) DO NOTHING;
INSERT INTO public.order_items (id, order_id, product_id, quantity, unit_price) VALUES ('9e894bb5-40fc-49a3-af7e-3565e25f7c8d', '0109d3c5-a0f2-4fdb-b9c3-9b32bf9edfae', '90bbbb7e-abea-4773-8a46-f68d63a5e5b2', 10, 2834.47) ON CONFLICT (id) DO NOTHING;
INSERT INTO public.order_items (id, order_id, product_id, quantity, unit_price) VALUES ('f2e5aac0-68dc-49ac-9086-eb5db8c74f6c', 'c30413c4-1fa1-48b0-a723-75911d602c57', '715f9f83-d3c7-4384-8953-821530004994', 5, 5575.49) ON CONFLICT (id) DO NOTHING;
INSERT INTO public.order_items (id, order_id, product_id, quantity, unit_price) VALUES ('3b9f856f-8f64-4aea-b5f2-38203efb2392', 'c30413c4-1fa1-48b0-a723-75911d602c57', '62ef8688-4450-4576-a31f-f9b14adc145e', 1, 4905.25) ON CONFLICT (id) DO NOTHING;
INSERT INTO public.order_items (id, order_id, product_id, quantity, unit_price) VALUES ('48a5c911-e754-402b-ae7c-7eb59fb8ce59', 'c30413c4-1fa1-48b0-a723-75911d602c57', '0bead72f-27ce-45d9-9333-9394e3478b36', 2, 4902.83) ON CONFLICT (id) DO NOTHING;
INSERT INTO public.order_items (id, order_id, product_id, quantity, unit_price) VALUES ('96d6dbab-0329-4391-afa9-568f6761dd41', 'c30413c4-1fa1-48b0-a723-75911d602c57', 'f5c11d8e-4999-4553-bcc6-f05f5a39e768', 4, 15376.55) ON CONFLICT (id) DO NOTHING;
INSERT INTO public.order_items (id, order_id, product_id, quantity, unit_price) VALUES ('523591a3-f896-46b3-9764-2fa3863b366e', '801b1a05-c15d-4273-99d8-3d34014a2850', 'f9574cf1-226e-4263-93bb-de3c5e9afc41', 3, 5050.98) ON CONFLICT (id) DO NOTHING;
INSERT INTO public.order_items (id, order_id, product_id, quantity, unit_price) VALUES ('7d84cc26-bb2f-46ba-af78-37a4d28ec9f1', '801b1a05-c15d-4273-99d8-3d34014a2850', 'e0df1e4d-4eab-4bf8-acef-7f26f3251925', 3, 4682.78) ON CONFLICT (id) DO NOTHING;
INSERT INTO public.order_items (id, order_id, product_id, quantity, unit_price) VALUES ('1381691f-0192-4cf9-9a97-fbbadf96c690', '801b1a05-c15d-4273-99d8-3d34014a2850', '94631abd-5c1a-48d3-8c73-28bb95356e3f', 8, 12454.49) ON CONFLICT (id) DO NOTHING;
INSERT INTO public.order_items (id, order_id, product_id, quantity, unit_price) VALUES ('7fee6567-88bc-45fa-b519-bc325b498514', '22337a29-621f-4429-a25f-344d5255ae7e', '0bead72f-27ce-45d9-9333-9394e3478b36', 5, 4682.69) ON CONFLICT (id) DO NOTHING;
INSERT INTO public.order_items (id, order_id, product_id, quantity, unit_price) VALUES ('45b12ead-3a9f-43bf-80f8-5526fb7660a3', '22337a29-621f-4429-a25f-344d5255ae7e', 'e1a9712c-ef94-4a08-ad16-c256e8aff469', 8, 8227.21) ON CONFLICT (id) DO NOTHING;
INSERT INTO public.order_items (id, order_id, product_id, quantity, unit_price) VALUES ('97059dc7-765b-4059-ac8f-038d4a72b843', '22337a29-621f-4429-a25f-344d5255ae7e', '94631abd-5c1a-48d3-8c73-28bb95356e3f', 4, 13017.39) ON CONFLICT (id) DO NOTHING;
INSERT INTO public.order_items (id, order_id, product_id, quantity, unit_price) VALUES ('73eb5063-bb73-4d18-9036-8bbee62fbad9', '22337a29-621f-4429-a25f-344d5255ae7e', '62ef8688-4450-4576-a31f-f9b14adc145e', 10, 4954.74) ON CONFLICT (id) DO NOTHING;
INSERT INTO public.order_items (id, order_id, product_id, quantity, unit_price) VALUES ('08440059-1a87-4896-bb0c-326516fd12df', 'e621cdf6-3e43-4939-83e0-6407c66e3244', 'f5c11d8e-4999-4553-bcc6-f05f5a39e768', 9, 14174.43) ON CONFLICT (id) DO NOTHING;
INSERT INTO public.order_items (id, order_id, product_id, quantity, unit_price) VALUES ('0dbf24d0-855f-4163-83ba-ec22dcddded2', 'e621cdf6-3e43-4939-83e0-6407c66e3244', '90bbbb7e-abea-4773-8a46-f68d63a5e5b2', 3, 3243.97) ON CONFLICT (id) DO NOTHING;
INSERT INTO public.order_items (id, order_id, product_id, quantity, unit_price) VALUES ('a8cab343-5851-4b63-bfdf-c56dedd05c01', 'afc3b191-cfbf-4060-b92e-bc4dfdb30cff', 'f9574cf1-226e-4263-93bb-de3c5e9afc41', 3, 5291.57) ON CONFLICT (id) DO NOTHING;
INSERT INTO public.order_items (id, order_id, product_id, quantity, unit_price) VALUES ('61a61799-856e-443c-a318-74f24ed030fa', 'afc3b191-cfbf-4060-b92e-bc4dfdb30cff', 'e1a9712c-ef94-4a08-ad16-c256e8aff469', 10, 9447.07) ON CONFLICT (id) DO NOTHING;
INSERT INTO public.order_items (id, order_id, product_id, quantity, unit_price) VALUES ('964f9f9d-6ab2-4ae4-a120-38443c60df10', 'cafdd372-c8a6-4ab5-ac2a-2c66792b5201', '715f9f83-d3c7-4384-8953-821530004994', 5, 5719.71) ON CONFLICT (id) DO NOTHING;
INSERT INTO public.order_items (id, order_id, product_id, quantity, unit_price) VALUES ('2ac582dd-444e-4e09-86fd-c4ebe0c328ca', 'cafdd372-c8a6-4ab5-ac2a-2c66792b5201', '90bbbb7e-abea-4773-8a46-f68d63a5e5b2', 5, 2999.28) ON CONFLICT (id) DO NOTHING;
INSERT INTO public.order_items (id, order_id, product_id, quantity, unit_price) VALUES ('ceea6493-f432-49a9-8ac8-52bcee8861b4', 'cafdd372-c8a6-4ab5-ac2a-2c66792b5201', '62ef8688-4450-4576-a31f-f9b14adc145e', 8, 4740.25) ON CONFLICT (id) DO NOTHING;
INSERT INTO public.order_items (id, order_id, product_id, quantity, unit_price) VALUES ('e3c42852-58d2-4966-888e-02e420caf805', '20683a55-56d4-48a4-a41e-efb511c183de', 'f5c11d8e-4999-4553-bcc6-f05f5a39e768', 6, 15311.14) ON CONFLICT (id) DO NOTHING;
INSERT INTO public.order_items (id, order_id, product_id, quantity, unit_price) VALUES ('b232c60f-fc30-4194-bdd2-bb41d81ee27b', 'b456d78e-bc05-477b-adc5-4b45eb863495', 'f9574cf1-226e-4263-93bb-de3c5e9afc41', 4, 5460.82) ON CONFLICT (id) DO NOTHING;
INSERT INTO public.order_items (id, order_id, product_id, quantity, unit_price) VALUES ('24a5a4db-2b0d-489b-b8f8-8f0eb028b835', '53aa4d87-eecd-411e-917b-4b8f86c35672', '6da4251d-1cba-46c6-8d26-ff14eed1384d', 10, 5448.28) ON CONFLICT (id) DO NOTHING;
INSERT INTO public.order_items (id, order_id, product_id, quantity, unit_price) VALUES ('8f3fa678-426b-438a-818d-4e2e53864fbf', 'fc18cc8c-a797-4255-92f1-f70fd4168680', '10a9909c-0123-4884-a2c3-74c52093ac2d', 8, 3899.57) ON CONFLICT (id) DO NOTHING;
INSERT INTO public.order_items (id, order_id, product_id, quantity, unit_price) VALUES ('96a8081d-bc29-4b7f-84b4-145d98590608', 'fc18cc8c-a797-4255-92f1-f70fd4168680', '6e495bf3-b0ce-46a6-992f-462b84f3c5e7', 3, 1978.9) ON CONFLICT (id) DO NOTHING;
INSERT INTO public.order_items (id, order_id, product_id, quantity, unit_price) VALUES ('df518300-803d-44bf-a655-0ec5f6efda3a', '21228588-e3ce-4d9a-a795-f9c5dd30d02e', '10a9909c-0123-4884-a2c3-74c52093ac2d', 7, 3479.98) ON CONFLICT (id) DO NOTHING;
INSERT INTO public.order_items (id, order_id, product_id, quantity, unit_price) VALUES ('caf0a602-371f-4514-9c8c-f61bee5b1902', '21228588-e3ce-4d9a-a795-f9c5dd30d02e', 'f9574cf1-226e-4263-93bb-de3c5e9afc41', 2, 5356.66) ON CONFLICT (id) DO NOTHING;
INSERT INTO public.order_items (id, order_id, product_id, quantity, unit_price) VALUES ('91f1e6fc-5fac-4f60-8d41-0bf696e85486', '21228588-e3ce-4d9a-a795-f9c5dd30d02e', '62ef8688-4450-4576-a31f-f9b14adc145e', 6, 4715.18) ON CONFLICT (id) DO NOTHING;
INSERT INTO public.order_items (id, order_id, product_id, quantity, unit_price) VALUES ('018eb64d-274f-45f4-b82f-12bc64d4421d', '21228588-e3ce-4d9a-a795-f9c5dd30d02e', '7f639995-68b2-441e-85b9-c73e9d668710', 8, 2872.93) ON CONFLICT (id) DO NOTHING;
INSERT INTO public.order_items (id, order_id, product_id, quantity, unit_price) VALUES ('a589bb5c-1af0-4907-bb31-1358b2571906', '61be7573-486e-4f00-a7a6-daee3cd6ac98', '571b6983-1459-4297-b99a-a37f164cc3c7', 6, 6843.45) ON CONFLICT (id) DO NOTHING;
INSERT INTO public.order_items (id, order_id, product_id, quantity, unit_price) VALUES ('f23d1e67-bd09-44d8-b65d-db3beac906c7', '61be7573-486e-4f00-a7a6-daee3cd6ac98', 'e1a9712c-ef94-4a08-ad16-c256e8aff469', 2, 9845.24) ON CONFLICT (id) DO NOTHING;
INSERT INTO public.order_items (id, order_id, product_id, quantity, unit_price) VALUES ('700a01fe-6d07-4fec-a3ec-1c2aea27afb6', '61be7573-486e-4f00-a7a6-daee3cd6ac98', '715f9f83-d3c7-4384-8953-821530004994', 7, 5901.4) ON CONFLICT (id) DO NOTHING;
INSERT INTO public.order_items (id, order_id, product_id, quantity, unit_price) VALUES ('70283ee9-4e57-4bb9-b721-a82df64078ea', '61be7573-486e-4f00-a7a6-daee3cd6ac98', 'f9574cf1-226e-4263-93bb-de3c5e9afc41', 1, 5156.63) ON CONFLICT (id) DO NOTHING;
INSERT INTO public.order_items (id, order_id, product_id, quantity, unit_price) VALUES ('737077cb-ad1f-46ce-99f5-cd1760180f1a', '6887544d-f949-41e8-a491-b896f316c09d', 'f5c11d8e-4999-4553-bcc6-f05f5a39e768', 6, 15367.9) ON CONFLICT (id) DO NOTHING;
INSERT INTO public.order_items (id, order_id, product_id, quantity, unit_price) VALUES ('f04b4d1b-578c-4cfe-8cd2-332a9be4516f', '6887544d-f949-41e8-a491-b896f316c09d', 'e1a9712c-ef94-4a08-ad16-c256e8aff469', 8, 9224.71) ON CONFLICT (id) DO NOTHING;
INSERT INTO public.order_items (id, order_id, product_id, quantity, unit_price) VALUES ('5c479618-1b9b-4e0e-be7b-a99f9655aedf', '6887544d-f949-41e8-a491-b896f316c09d', '6cb45a38-bc5e-4338-9c11-e18dc464ddc0', 1, 1693.28) ON CONFLICT (id) DO NOTHING;
INSERT INTO public.order_items (id, order_id, product_id, quantity, unit_price) VALUES ('2fef109b-7b2e-4a22-8c2f-0179f352d54e', '6887544d-f949-41e8-a491-b896f316c09d', '6e495bf3-b0ce-46a6-992f-462b84f3c5e7', 9, 1667.16) ON CONFLICT (id) DO NOTHING;
INSERT INTO public.order_items (id, order_id, product_id, quantity, unit_price) VALUES ('394002c8-a0a7-4286-8c49-256a2645895c', '8be46914-623e-42a9-b62d-8c2145d56d88', '715f9f83-d3c7-4384-8953-821530004994', 1, 6020.46) ON CONFLICT (id) DO NOTHING;
INSERT INTO public.order_items (id, order_id, product_id, quantity, unit_price) VALUES ('c092e465-9bb4-40e2-bffa-8e0d6f58c4b3', '8be46914-623e-42a9-b62d-8c2145d56d88', '10a9909c-0123-4884-a2c3-74c52093ac2d', 10, 3815.51) ON CONFLICT (id) DO NOTHING;
INSERT INTO public.order_items (id, order_id, product_id, quantity, unit_price) VALUES ('a0e7af21-4fdd-4a22-a296-1422ac4bd25f', '8be46914-623e-42a9-b62d-8c2145d56d88', '90bbbb7e-abea-4773-8a46-f68d63a5e5b2', 3, 2885.49) ON CONFLICT (id) DO NOTHING;
INSERT INTO public.order_items (id, order_id, product_id, quantity, unit_price) VALUES ('2fd00bbc-efbe-46ca-9e2a-51411ed6c7b7', 'aef6f932-79cf-4df5-a078-048055654350', '571b6983-1459-4297-b99a-a37f164cc3c7', 7, 6614.22) ON CONFLICT (id) DO NOTHING;
INSERT INTO public.order_items (id, order_id, product_id, quantity, unit_price) VALUES ('d201bba1-a386-4903-957c-93955b03f408', 'e924bdab-0591-42ab-be1d-e66746bbb3b1', '715f9f83-d3c7-4384-8953-821530004994', 2, 5662.48) ON CONFLICT (id) DO NOTHING;
INSERT INTO public.order_items (id, order_id, product_id, quantity, unit_price) VALUES ('8ebe109e-1d1f-47ce-9e2b-e17baf7449f5', 'e7834924-827e-4b08-8e58-ed6f9596feb3', '10a9909c-0123-4884-a2c3-74c52093ac2d', 9, 3747.9) ON CONFLICT (id) DO NOTHING;
INSERT INTO public.order_items (id, order_id, product_id, quantity, unit_price) VALUES ('7b5e4500-ccea-4b1d-a0f6-4875a3c2fd1a', 'e7834924-827e-4b08-8e58-ed6f9596feb3', '0bead72f-27ce-45d9-9333-9394e3478b36', 7, 4801.25) ON CONFLICT (id) DO NOTHING;
INSERT INTO public.order_items (id, order_id, product_id, quantity, unit_price) VALUES ('0f2be45c-fc8d-4ddc-88bd-7570fc19b148', 'e19fa121-7950-4131-b3c4-da36efd4e1af', '94631abd-5c1a-48d3-8c73-28bb95356e3f', 7, 11257.46) ON CONFLICT (id) DO NOTHING;
INSERT INTO public.order_items (id, order_id, product_id, quantity, unit_price) VALUES ('d5b7cafb-00b2-4e05-8cfb-f0c0294defa4', 'e19fa121-7950-4131-b3c4-da36efd4e1af', '715f9f83-d3c7-4384-8953-821530004994', 10, 5509.06) ON CONFLICT (id) DO NOTHING;
INSERT INTO public.order_items (id, order_id, product_id, quantity, unit_price) VALUES ('d40593e4-78a8-41b0-8210-a86849cc9ced', 'e19fa121-7950-4131-b3c4-da36efd4e1af', '571b6983-1459-4297-b99a-a37f164cc3c7', 3, 7724.2) ON CONFLICT (id) DO NOTHING;
INSERT INTO public.order_items (id, order_id, product_id, quantity, unit_price) VALUES ('80f430da-7c63-4789-b0f1-73688cf8152f', 'e19fa121-7950-4131-b3c4-da36efd4e1af', 'c92d3b68-c672-47db-b31c-d22de38b3fef', 5, 3690.87) ON CONFLICT (id) DO NOTHING;
INSERT INTO public.order_items (id, order_id, product_id, quantity, unit_price) VALUES ('9dbdbd64-8818-45e0-9f42-98bded57f13c', '9f7548a5-be70-43ce-8065-20131a470cad', '3ff891df-32e8-4aa5-a877-aa990f5d35a7', 5, 8361.68) ON CONFLICT (id) DO NOTHING;
INSERT INTO public.order_items (id, order_id, product_id, quantity, unit_price) VALUES ('de1e6a87-bc3b-4c72-95f7-23913e42a5ab', '9f7548a5-be70-43ce-8065-20131a470cad', '6e495bf3-b0ce-46a6-992f-462b84f3c5e7', 10, 1828.77) ON CONFLICT (id) DO NOTHING;
INSERT INTO public.order_items (id, order_id, product_id, quantity, unit_price) VALUES ('c6bf0495-6e3d-4184-a901-baeb80c74ce1', '9f7548a5-be70-43ce-8065-20131a470cad', '6da4251d-1cba-46c6-8d26-ff14eed1384d', 8, 6438.31) ON CONFLICT (id) DO NOTHING;
INSERT INTO public.order_items (id, order_id, product_id, quantity, unit_price) VALUES ('d89e40fd-cef9-4874-85ec-7f24487daad3', '9f7548a5-be70-43ce-8065-20131a470cad', 'bc067b70-4236-4a26-9d9e-af6ff4c86eeb', 8, 15114.73) ON CONFLICT (id) DO NOTHING;
INSERT INTO public.order_items (id, order_id, product_id, quantity, unit_price) VALUES ('2734ee07-87bc-4c27-a37f-3d7349371f3a', '03a2c3b7-c849-4613-8108-1774fc6246c6', '3ff891df-32e8-4aa5-a877-aa990f5d35a7', 7, 7928.55) ON CONFLICT (id) DO NOTHING;
INSERT INTO public.order_items (id, order_id, product_id, quantity, unit_price) VALUES ('9ad51b6a-3738-4655-b092-9081ee5897a9', '03a2c3b7-c849-4613-8108-1774fc6246c6', '571b6983-1459-4297-b99a-a37f164cc3c7', 6, 7732.23) ON CONFLICT (id) DO NOTHING;
INSERT INTO public.order_items (id, order_id, product_id, quantity, unit_price) VALUES ('9bd0b3f6-37d9-4367-97f0-d4b4238e66b4', '03a2c3b7-c849-4613-8108-1774fc6246c6', '79b0af7d-9b62-498f-9fbe-548b676eecb8', 4, 2434.46) ON CONFLICT (id) DO NOTHING;
INSERT INTO public.order_items (id, order_id, product_id, quantity, unit_price) VALUES ('55fff984-9fe5-4164-a2c5-198b49a458fd', '8c7ddf66-9996-44b4-9aca-6f29483803f9', 'f5c11d8e-4999-4553-bcc6-f05f5a39e768', 6, 15734.12) ON CONFLICT (id) DO NOTHING;
INSERT INTO public.order_items (id, order_id, product_id, quantity, unit_price) VALUES ('30fdd2b8-d1c4-4c15-bfa4-a6853f9f0d4a', '8c7ddf66-9996-44b4-9aca-6f29483803f9', 'e1a9712c-ef94-4a08-ad16-c256e8aff469', 7, 8793.96) ON CONFLICT (id) DO NOTHING;
INSERT INTO public.order_items (id, order_id, product_id, quantity, unit_price) VALUES ('ba8cded7-b624-47ec-acac-7c72747f9c14', 'aa63cdcd-c54d-4ff6-8520-b57695750e1a', '10a9909c-0123-4884-a2c3-74c52093ac2d', 3, 3601.65) ON CONFLICT (id) DO NOTHING;
INSERT INTO public.order_items (id, order_id, product_id, quantity, unit_price) VALUES ('83148cf0-9e25-42d4-a63b-76c6042b8393', 'aa63cdcd-c54d-4ff6-8520-b57695750e1a', 'e1a9712c-ef94-4a08-ad16-c256e8aff469', 10, 8696.62) ON CONFLICT (id) DO NOTHING;
INSERT INTO public.order_items (id, order_id, product_id, quantity, unit_price) VALUES ('3563d64b-91a8-476f-9ff6-48946d975c96', 'a21204c6-3af0-48c2-967c-fa63e4aa714c', '715f9f83-d3c7-4384-8953-821530004994', 2, 5528.55) ON CONFLICT (id) DO NOTHING;
INSERT INTO public.order_items (id, order_id, product_id, quantity, unit_price) VALUES ('03576d42-a337-4afc-8b7d-c718223774e7', '7012004f-f637-4d0e-8087-5facaa57e385', 'bc067b70-4236-4a26-9d9e-af6ff4c86eeb', 2, 14907.48) ON CONFLICT (id) DO NOTHING;
INSERT INTO public.order_items (id, order_id, product_id, quantity, unit_price) VALUES ('ceac52fa-479f-4f48-b10b-f04a62302c81', '7012004f-f637-4d0e-8087-5facaa57e385', 'c92d3b68-c672-47db-b31c-d22de38b3fef', 5, 3386.99) ON CONFLICT (id) DO NOTHING;
INSERT INTO public.order_items (id, order_id, product_id, quantity, unit_price) VALUES ('ee06e83a-1a72-4128-aeb4-86ef73660beb', '7012004f-f637-4d0e-8087-5facaa57e385', 'f5c11d8e-4999-4553-bcc6-f05f5a39e768', 7, 15449.51) ON CONFLICT (id) DO NOTHING;
INSERT INTO public.order_items (id, order_id, product_id, quantity, unit_price) VALUES ('cc44482e-3c78-4417-bd34-28f96558dabd', '7012004f-f637-4d0e-8087-5facaa57e385', '79b0af7d-9b62-498f-9fbe-548b676eecb8', 6, 2569.12) ON CONFLICT (id) DO NOTHING;
INSERT INTO public.order_items (id, order_id, product_id, quantity, unit_price) VALUES ('90b8fb3e-7488-4e6b-97e3-918d8d2ac5a4', 'fe8054a3-5559-46fb-909a-5477a5d68b80', '3ff891df-32e8-4aa5-a877-aa990f5d35a7', 10, 7309.47) ON CONFLICT (id) DO NOTHING;
INSERT INTO public.order_items (id, order_id, product_id, quantity, unit_price) VALUES ('25a2762d-b0e7-4797-9f5f-5fadf81d6deb', 'fe8054a3-5559-46fb-909a-5477a5d68b80', '10a9909c-0123-4884-a2c3-74c52093ac2d', 5, 3958.15) ON CONFLICT (id) DO NOTHING;
INSERT INTO public.order_items (id, order_id, product_id, quantity, unit_price) VALUES ('2d25f9b2-f886-4e5e-bd52-1e58a4c170a1', 'fe8054a3-5559-46fb-909a-5477a5d68b80', '571b6983-1459-4297-b99a-a37f164cc3c7', 2, 7104.92) ON CONFLICT (id) DO NOTHING;
INSERT INTO public.order_items (id, order_id, product_id, quantity, unit_price) VALUES ('73712ead-fc74-44e4-b1e0-6da80b510bc3', 'fe8054a3-5559-46fb-909a-5477a5d68b80', 'e1a9712c-ef94-4a08-ad16-c256e8aff469', 2, 9467.61) ON CONFLICT (id) DO NOTHING;
INSERT INTO public.order_items (id, order_id, product_id, quantity, unit_price) VALUES ('c2a04fa9-7990-4d6b-ab80-781b1ca03b89', '872f5f22-7823-4a3d-9a34-867cdcb8bfd1', '715f9f83-d3c7-4384-8953-821530004994', 3, 5713.4) ON CONFLICT (id) DO NOTHING;
INSERT INTO public.order_items (id, order_id, product_id, quantity, unit_price) VALUES ('f14d8eed-57ca-498c-8af0-725c309176fd', '64caf5fa-1117-4568-a904-8eb88a991883', 'e1a9712c-ef94-4a08-ad16-c256e8aff469', 6, 9532.0) ON CONFLICT (id) DO NOTHING;
INSERT INTO public.order_items (id, order_id, product_id, quantity, unit_price) VALUES ('fda011b6-2169-46cc-897a-aa8862e7267d', '2ba8b0de-40ab-41bb-afe5-f55e4a0b82a6', '7f639995-68b2-441e-85b9-c73e9d668710', 3, 2846.52) ON CONFLICT (id) DO NOTHING;
INSERT INTO public.order_items (id, order_id, product_id, quantity, unit_price) VALUES ('037dab58-6690-45f3-8a63-14e835d26cca', '2ba8b0de-40ab-41bb-afe5-f55e4a0b82a6', '62ef8688-4450-4576-a31f-f9b14adc145e', 7, 4863.29) ON CONFLICT (id) DO NOTHING;
INSERT INTO public.order_items (id, order_id, product_id, quantity, unit_price) VALUES ('9c91af27-14b4-4013-af09-ada3a1f4f4db', '2ba8b0de-40ab-41bb-afe5-f55e4a0b82a6', 'f5c11d8e-4999-4553-bcc6-f05f5a39e768', 3, 14009.95) ON CONFLICT (id) DO NOTHING;
INSERT INTO public.order_items (id, order_id, product_id, quantity, unit_price) VALUES ('b24480e8-1287-477c-a258-f8f5bf3d31a3', 'a48553bb-da58-4bb6-85e3-029708ee5db5', '62ef8688-4450-4576-a31f-f9b14adc145e', 7, 4914.92) ON CONFLICT (id) DO NOTHING;
INSERT INTO public.order_items (id, order_id, product_id, quantity, unit_price) VALUES ('394c05ac-f19a-4c58-ba30-9b23ce6ad89a', '0ffbbd2f-0602-4408-9bfd-a85208e2ad97', '10a9909c-0123-4884-a2c3-74c52093ac2d', 3, 3407.18) ON CONFLICT (id) DO NOTHING;
INSERT INTO public.order_items (id, order_id, product_id, quantity, unit_price) VALUES ('0aaa3bff-d9f2-4f87-9cbd-52f840107623', '0ffbbd2f-0602-4408-9bfd-a85208e2ad97', '79b0af7d-9b62-498f-9fbe-548b676eecb8', 5, 2380.59) ON CONFLICT (id) DO NOTHING;
INSERT INTO public.order_items (id, order_id, product_id, quantity, unit_price) VALUES ('dc9b7147-cfd6-4f5e-ab4c-1ddc7ec49488', '463c1e22-171d-4a7c-8cfd-1e725d25d425', '715f9f83-d3c7-4384-8953-821530004994', 5, 5695.37) ON CONFLICT (id) DO NOTHING;
INSERT INTO public.order_items (id, order_id, product_id, quantity, unit_price) VALUES ('a4e5aa41-d93f-4c77-8277-94026122e0cf', '4502c3c7-2b83-41e6-a5f6-feafc171b224', 'f9574cf1-226e-4263-93bb-de3c5e9afc41', 6, 5486.55) ON CONFLICT (id) DO NOTHING;
INSERT INTO public.order_items (id, order_id, product_id, quantity, unit_price) VALUES ('29fda786-aa9e-4a62-ade3-34e7e8011942', '4502c3c7-2b83-41e6-a5f6-feafc171b224', '715f9f83-d3c7-4384-8953-821530004994', 5, 5652.83) ON CONFLICT (id) DO NOTHING;
INSERT INTO public.order_items (id, order_id, product_id, quantity, unit_price) VALUES ('e26cc3b4-9879-4a11-af48-4b3f119f14a4', 'd4b30179-b7e5-40da-84ac-434d15ced14e', '6da4251d-1cba-46c6-8d26-ff14eed1384d', 7, 6424.0) ON CONFLICT (id) DO NOTHING;
INSERT INTO public.order_items (id, order_id, product_id, quantity, unit_price) VALUES ('8a7f460d-d096-4c14-a17a-1341450efb98', 'd4b30179-b7e5-40da-84ac-434d15ced14e', '715f9f83-d3c7-4384-8953-821530004994', 2, 5210.93) ON CONFLICT (id) DO NOTHING;
INSERT INTO public.order_items (id, order_id, product_id, quantity, unit_price) VALUES ('eeae20b1-784f-4b58-b2d9-3da68ab4a8ad', 'd4b30179-b7e5-40da-84ac-434d15ced14e', '0bead72f-27ce-45d9-9333-9394e3478b36', 10, 4373.06) ON CONFLICT (id) DO NOTHING;
INSERT INTO public.order_items (id, order_id, product_id, quantity, unit_price) VALUES ('142e5b7a-551f-4bf3-9016-fd33220162a5', 'd4b30179-b7e5-40da-84ac-434d15ced14e', '6cb45a38-bc5e-4338-9c11-e18dc464ddc0', 5, 1977.37) ON CONFLICT (id) DO NOTHING;
INSERT INTO public.order_items (id, order_id, product_id, quantity, unit_price) VALUES ('62b2283f-8ed0-4eee-80f5-84a8b3556e8a', 'a8a443e4-e2f6-4b3a-9701-cb5b78758d26', 'bc067b70-4236-4a26-9d9e-af6ff4c86eeb', 1, 15196.77) ON CONFLICT (id) DO NOTHING;
INSERT INTO public.order_items (id, order_id, product_id, quantity, unit_price) VALUES ('063137b1-f4ea-4ec6-ba92-6fe08fb7c046', 'a8a443e4-e2f6-4b3a-9701-cb5b78758d26', 'a60ba69d-845a-4496-8a9e-7407ef5d0df8', 1, 9739.11) ON CONFLICT (id) DO NOTHING;
INSERT INTO public.order_items (id, order_id, product_id, quantity, unit_price) VALUES ('cce69159-ca1d-4238-a567-7a60a3361c73', 'a8a443e4-e2f6-4b3a-9701-cb5b78758d26', '6da4251d-1cba-46c6-8d26-ff14eed1384d', 8, 6399.41) ON CONFLICT (id) DO NOTHING;
INSERT INTO public.order_items (id, order_id, product_id, quantity, unit_price) VALUES ('023cb78d-2074-4ea2-9555-a2b036c8954f', '8f2f3123-fcea-47cb-a047-999a14039205', '94631abd-5c1a-48d3-8c73-28bb95356e3f', 4, 12290.14) ON CONFLICT (id) DO NOTHING;
INSERT INTO public.order_items (id, order_id, product_id, quantity, unit_price) VALUES ('358f2848-c858-4bfd-a1c4-b8c79d6ab60b', '8f2f3123-fcea-47cb-a047-999a14039205', '7f639995-68b2-441e-85b9-c73e9d668710', 3, 3076.95) ON CONFLICT (id) DO NOTHING;
INSERT INTO public.order_items (id, order_id, product_id, quantity, unit_price) VALUES ('804703c6-a7d7-46ed-8a14-e9e997fc58a6', '8f2f3123-fcea-47cb-a047-999a14039205', '62ef8688-4450-4576-a31f-f9b14adc145e', 1, 4616.58) ON CONFLICT (id) DO NOTHING;
INSERT INTO public.order_items (id, order_id, product_id, quantity, unit_price) VALUES ('6c9ab60e-6bbb-41ce-a1d4-9b54cb24457e', 'cb2b8ff4-70c5-4d1b-ba0e-2b6e5109758b', 'e1a9712c-ef94-4a08-ad16-c256e8aff469', 2, 9736.25) ON CONFLICT (id) DO NOTHING;
INSERT INTO public.order_items (id, order_id, product_id, quantity, unit_price) VALUES ('be349f21-e38f-459f-854b-544c9714853a', 'cb2b8ff4-70c5-4d1b-ba0e-2b6e5109758b', '79b0af7d-9b62-498f-9fbe-548b676eecb8', 6, 2518.79) ON CONFLICT (id) DO NOTHING;
INSERT INTO public.order_items (id, order_id, product_id, quantity, unit_price) VALUES ('fa15e592-745b-4a7c-82e0-3cbaf39e6c7d', 'cb2b8ff4-70c5-4d1b-ba0e-2b6e5109758b', '7f639995-68b2-441e-85b9-c73e9d668710', 3, 2820.48) ON CONFLICT (id) DO NOTHING;
INSERT INTO public.order_items (id, order_id, product_id, quantity, unit_price) VALUES ('27bb9311-ace6-4963-9262-4e46da0737ae', 'cb2b8ff4-70c5-4d1b-ba0e-2b6e5109758b', 'c92d3b68-c672-47db-b31c-d22de38b3fef', 9, 3763.52) ON CONFLICT (id) DO NOTHING;
INSERT INTO public.order_items (id, order_id, product_id, quantity, unit_price) VALUES ('4c0e45cd-f048-4546-b3d5-0e25d1cc491e', '9eafb048-aef7-4f3c-8adb-ca6c80e58806', '6e495bf3-b0ce-46a6-992f-462b84f3c5e7', 3, 1712.51) ON CONFLICT (id) DO NOTHING;
INSERT INTO public.order_items (id, order_id, product_id, quantity, unit_price) VALUES ('da6759b6-ad7a-4634-9574-8e7c8a271926', '9eafb048-aef7-4f3c-8adb-ca6c80e58806', '62ef8688-4450-4576-a31f-f9b14adc145e', 8, 5248.69) ON CONFLICT (id) DO NOTHING;
INSERT INTO public.order_items (id, order_id, product_id, quantity, unit_price) VALUES ('723646ea-cc9e-4d7f-8a91-cd7cadb45f46', '9eafb048-aef7-4f3c-8adb-ca6c80e58806', '6da4251d-1cba-46c6-8d26-ff14eed1384d', 5, 6295.87) ON CONFLICT (id) DO NOTHING;
INSERT INTO public.order_items (id, order_id, product_id, quantity, unit_price) VALUES ('9d35d071-40dd-42a3-a71c-1dece7fc0a49', '7b3b8246-f8a8-41c2-83fd-f40d22196094', '90bbbb7e-abea-4773-8a46-f68d63a5e5b2', 3, 3151.44) ON CONFLICT (id) DO NOTHING;
INSERT INTO public.order_items (id, order_id, product_id, quantity, unit_price) VALUES ('b577ab70-9843-4960-bc38-ea9f1b81ed6c', '7b3b8246-f8a8-41c2-83fd-f40d22196094', '715f9f83-d3c7-4384-8953-821530004994', 4, 5896.15) ON CONFLICT (id) DO NOTHING;
INSERT INTO public.order_items (id, order_id, product_id, quantity, unit_price) VALUES ('d0ea1de3-f6d7-47c1-8c28-2823cde81e69', '7b3b8246-f8a8-41c2-83fd-f40d22196094', 'f9574cf1-226e-4263-93bb-de3c5e9afc41', 7, 5466.18) ON CONFLICT (id) DO NOTHING;
INSERT INTO public.order_items (id, order_id, product_id, quantity, unit_price) VALUES ('f67c902a-e7e9-4329-92e3-b085bb1f29df', '2c060cd7-2a78-4ea4-9c12-250a6d739955', 'f9574cf1-226e-4263-93bb-de3c5e9afc41', 5, 5035.56) ON CONFLICT (id) DO NOTHING;
INSERT INTO public.order_items (id, order_id, product_id, quantity, unit_price) VALUES ('07b825e1-147d-4056-900f-ee58163ebb5b', '2c060cd7-2a78-4ea4-9c12-250a6d739955', 'a60ba69d-845a-4496-8a9e-7407ef5d0df8', 8, 8763.45) ON CONFLICT (id) DO NOTHING;
INSERT INTO public.order_items (id, order_id, product_id, quantity, unit_price) VALUES ('558ef1ec-e5a8-4862-a766-b17b46e2f589', '2c060cd7-2a78-4ea4-9c12-250a6d739955', 'bc067b70-4236-4a26-9d9e-af6ff4c86eeb', 5, 15252.66) ON CONFLICT (id) DO NOTHING;
INSERT INTO public.order_items (id, order_id, product_id, quantity, unit_price) VALUES ('f58c7ff4-ba93-44f4-84a7-3e991ede490f', 'a5f5c01a-30a5-4a1c-8258-5abe6ecc23cf', '90bbbb7e-abea-4773-8a46-f68d63a5e5b2', 1, 3070.7) ON CONFLICT (id) DO NOTHING;
INSERT INTO public.order_items (id, order_id, product_id, quantity, unit_price) VALUES ('21aaa094-2844-400b-a747-2d142aeeee83', 'a5f5c01a-30a5-4a1c-8258-5abe6ecc23cf', '94631abd-5c1a-48d3-8c73-28bb95356e3f', 9, 11587.22) ON CONFLICT (id) DO NOTHING;
INSERT INTO public.order_items (id, order_id, product_id, quantity, unit_price) VALUES ('0c79a5da-bc39-4b2d-976c-b7ea1f280e43', 'a5f5c01a-30a5-4a1c-8258-5abe6ecc23cf', '10a9909c-0123-4884-a2c3-74c52093ac2d', 10, 3399.38) ON CONFLICT (id) DO NOTHING;
INSERT INTO public.order_items (id, order_id, product_id, quantity, unit_price) VALUES ('861f9497-43be-478a-a93e-b90fc4763f86', '9cb8687d-be64-45c1-ba91-ca78787b5d23', '715f9f83-d3c7-4384-8953-821530004994', 5, 5664.16) ON CONFLICT (id) DO NOTHING;
INSERT INTO public.order_items (id, order_id, product_id, quantity, unit_price) VALUES ('30ccb4bd-f2b8-4b02-8071-50c289c5bd4d', '5717a653-cf00-4299-a70e-fea4ebfe6c58', 'c92d3b68-c672-47db-b31c-d22de38b3fef', 1, 3812.38) ON CONFLICT (id) DO NOTHING;
INSERT INTO public.order_items (id, order_id, product_id, quantity, unit_price) VALUES ('019a7731-9b55-4ee7-b6cb-05a2356c5f02', '80ea29fa-9e57-40ec-872e-3621808281e8', '10a9909c-0123-4884-a2c3-74c52093ac2d', 4, 3878.83) ON CONFLICT (id) DO NOTHING;
INSERT INTO public.order_items (id, order_id, product_id, quantity, unit_price) VALUES ('28aa75af-bbac-40e6-afc4-9e138ec1d2b7', '80ea29fa-9e57-40ec-872e-3621808281e8', '90bbbb7e-abea-4773-8a46-f68d63a5e5b2', 3, 2932.21) ON CONFLICT (id) DO NOTHING;
INSERT INTO public.order_items (id, order_id, product_id, quantity, unit_price) VALUES ('2588d63c-a5a4-43d5-857f-c58755d43a66', '80ea29fa-9e57-40ec-872e-3621808281e8', '79b0af7d-9b62-498f-9fbe-548b676eecb8', 6, 2481.83) ON CONFLICT (id) DO NOTHING;
INSERT INTO public.order_items (id, order_id, product_id, quantity, unit_price) VALUES ('613a56f9-337f-477f-9846-60e8c01421df', 'b512c1c4-c2a1-4361-b883-4d1c3813acd4', '79b0af7d-9b62-498f-9fbe-548b676eecb8', 8, 2455.51) ON CONFLICT (id) DO NOTHING;
INSERT INTO public.order_items (id, order_id, product_id, quantity, unit_price) VALUES ('2647465e-b695-46b6-97e0-215b1ad807c5', 'b512c1c4-c2a1-4361-b883-4d1c3813acd4', 'c92d3b68-c672-47db-b31c-d22de38b3fef', 5, 3172.9) ON CONFLICT (id) DO NOTHING;
INSERT INTO public.order_items (id, order_id, product_id, quantity, unit_price) VALUES ('8a772565-bbd6-41cc-accd-baad4238ac86', 'b512c1c4-c2a1-4361-b883-4d1c3813acd4', 'f5c11d8e-4999-4553-bcc6-f05f5a39e768', 6, 14151.81) ON CONFLICT (id) DO NOTHING;
INSERT INTO public.order_items (id, order_id, product_id, quantity, unit_price) VALUES ('edb419e2-98c7-4858-9ab3-20536b11f608', 'b512c1c4-c2a1-4361-b883-4d1c3813acd4', '90bbbb7e-abea-4773-8a46-f68d63a5e5b2', 8, 3269.24) ON CONFLICT (id) DO NOTHING;
INSERT INTO public.order_items (id, order_id, product_id, quantity, unit_price) VALUES ('cc7001b7-c86c-45d1-8e49-7e087a2fea83', 'ba976ad1-1732-4025-a9ed-265c999470bb', '90bbbb7e-abea-4773-8a46-f68d63a5e5b2', 6, 2735.42) ON CONFLICT (id) DO NOTHING;
INSERT INTO public.order_items (id, order_id, product_id, quantity, unit_price) VALUES ('d5dc29d5-b56b-48b2-be47-cbcf535ea6cd', 'ba976ad1-1732-4025-a9ed-265c999470bb', '7f639995-68b2-441e-85b9-c73e9d668710', 5, 2813.89) ON CONFLICT (id) DO NOTHING;
INSERT INTO public.order_items (id, order_id, product_id, quantity, unit_price) VALUES ('2b2010b4-893d-4372-9db1-cc13dcc39b64', 'ba976ad1-1732-4025-a9ed-265c999470bb', '571b6983-1459-4297-b99a-a37f164cc3c7', 2, 7846.58) ON CONFLICT (id) DO NOTHING;
INSERT INTO public.order_items (id, order_id, product_id, quantity, unit_price) VALUES ('f11fc4fc-1224-41f8-90fb-1110db9fdcfc', 'aaee39a9-7312-496c-a021-7edfad5b3607', 'f9574cf1-226e-4263-93bb-de3c5e9afc41', 6, 4742.62) ON CONFLICT (id) DO NOTHING;
INSERT INTO public.order_items (id, order_id, product_id, quantity, unit_price) VALUES ('20b1b09e-e208-4b28-82e7-4e552b39379e', 'aaee39a9-7312-496c-a021-7edfad5b3607', '6cb45a38-bc5e-4338-9c11-e18dc464ddc0', 3, 1903.31) ON CONFLICT (id) DO NOTHING;
INSERT INTO public.order_items (id, order_id, product_id, quantity, unit_price) VALUES ('5972b484-479b-45bc-9401-3a727f49bf46', 'aaee39a9-7312-496c-a021-7edfad5b3607', 'bc067b70-4236-4a26-9d9e-af6ff4c86eeb', 4, 13704.92) ON CONFLICT (id) DO NOTHING;
INSERT INTO public.order_items (id, order_id, product_id, quantity, unit_price) VALUES ('3b740265-24a7-4340-b3a3-b07391906f71', 'aaee39a9-7312-496c-a021-7edfad5b3607', 'e1a9712c-ef94-4a08-ad16-c256e8aff469', 9, 8471.94) ON CONFLICT (id) DO NOTHING;
INSERT INTO public.order_items (id, order_id, product_id, quantity, unit_price) VALUES ('ed6fa607-6735-4348-bca9-b85441870b22', '5bb93b29-579d-4416-b9a9-330ad0755677', '94631abd-5c1a-48d3-8c73-28bb95356e3f', 3, 12692.75) ON CONFLICT (id) DO NOTHING;
INSERT INTO public.order_items (id, order_id, product_id, quantity, unit_price) VALUES ('ccd8630e-b17b-472b-8265-14f9662b28ec', '5bb93b29-579d-4416-b9a9-330ad0755677', '3ff891df-32e8-4aa5-a877-aa990f5d35a7', 10, 7204.54) ON CONFLICT (id) DO NOTHING;
INSERT INTO public.order_items (id, order_id, product_id, quantity, unit_price) VALUES ('c8311d19-71a0-420b-b666-6b7669bebc6e', '2c748321-3478-44d3-b325-e7a2a1c07481', 'c92d3b68-c672-47db-b31c-d22de38b3fef', 5, 3708.96) ON CONFLICT (id) DO NOTHING;
INSERT INTO public.order_items (id, order_id, product_id, quantity, unit_price) VALUES ('d677e242-7eac-4e59-a7d1-7126906294b8', '2c748321-3478-44d3-b325-e7a2a1c07481', '571b6983-1459-4297-b99a-a37f164cc3c7', 2, 7431.92) ON CONFLICT (id) DO NOTHING;
INSERT INTO public.order_items (id, order_id, product_id, quantity, unit_price) VALUES ('fd4dd261-d4b5-4c5b-a6df-7f5475d13ed6', 'ffbf18c9-49c3-4c6b-90ed-b685f1f8f0e7', 'c92d3b68-c672-47db-b31c-d22de38b3fef', 1, 3400.77) ON CONFLICT (id) DO NOTHING;
INSERT INTO public.order_items (id, order_id, product_id, quantity, unit_price) VALUES ('9fdbd27f-c9ba-4eab-8dfb-dd22dc900abd', 'a219ad76-e394-47bd-9979-96fa79810f91', '79b0af7d-9b62-498f-9fbe-548b676eecb8', 1, 2243.64) ON CONFLICT (id) DO NOTHING;
INSERT INTO public.order_items (id, order_id, product_id, quantity, unit_price) VALUES ('fe2c3701-8959-4ad0-944d-1bae924cdc05', 'a219ad76-e394-47bd-9979-96fa79810f91', '3ff891df-32e8-4aa5-a877-aa990f5d35a7', 1, 7402.81) ON CONFLICT (id) DO NOTHING;
INSERT INTO public.order_items (id, order_id, product_id, quantity, unit_price) VALUES ('1f836e21-6c13-486e-8142-0294c9466f47', '5d5c2cf6-19e4-4780-9a8f-c4de6b228199', '6e495bf3-b0ce-46a6-992f-462b84f3c5e7', 8, 1900.09) ON CONFLICT (id) DO NOTHING;
INSERT INTO public.order_items (id, order_id, product_id, quantity, unit_price) VALUES ('58bc1f26-a6ac-4771-a759-8523d85752ba', '5d5c2cf6-19e4-4780-9a8f-c4de6b228199', '90bbbb7e-abea-4773-8a46-f68d63a5e5b2', 9, 3055.18) ON CONFLICT (id) DO NOTHING;
INSERT INTO public.order_items (id, order_id, product_id, quantity, unit_price) VALUES ('93ecdc47-d552-4e84-9d1f-1cb80fe918a1', '5d5c2cf6-19e4-4780-9a8f-c4de6b228199', 'f9574cf1-226e-4263-93bb-de3c5e9afc41', 8, 5002.84) ON CONFLICT (id) DO NOTHING;
INSERT INTO public.order_items (id, order_id, product_id, quantity, unit_price) VALUES ('63217f3f-9609-4ea7-8443-da483a01cead', '5d5c2cf6-19e4-4780-9a8f-c4de6b228199', '10a9909c-0123-4884-a2c3-74c52093ac2d', 10, 3271.22) ON CONFLICT (id) DO NOTHING;
INSERT INTO public.order_items (id, order_id, product_id, quantity, unit_price) VALUES ('06e20a6b-bfe7-44e2-ad23-3e9a3930dab4', 'a79676c5-a5df-442b-a563-63022213cbda', '715f9f83-d3c7-4384-8953-821530004994', 8, 5882.03) ON CONFLICT (id) DO NOTHING;
INSERT INTO public.order_items (id, order_id, product_id, quantity, unit_price) VALUES ('28b951f8-b70a-4ed1-a7e1-ba67bcd0a105', 'a79676c5-a5df-442b-a563-63022213cbda', 'bc067b70-4236-4a26-9d9e-af6ff4c86eeb', 7, 15557.26) ON CONFLICT (id) DO NOTHING;
INSERT INTO public.order_items (id, order_id, product_id, quantity, unit_price) VALUES ('7a0bf83a-0ff8-47af-a3c8-0e72c3cc95b2', 'a79676c5-a5df-442b-a563-63022213cbda', 'e1a9712c-ef94-4a08-ad16-c256e8aff469', 8, 9381.28) ON CONFLICT (id) DO NOTHING;
INSERT INTO public.order_items (id, order_id, product_id, quantity, unit_price) VALUES ('bbda2f30-e003-4775-9942-0d5f79aa7e72', 'ec324112-29a8-4881-a3c4-c3138406ed8f', 'f9574cf1-226e-4263-93bb-de3c5e9afc41', 2, 4625.27) ON CONFLICT (id) DO NOTHING;
INSERT INTO public.order_items (id, order_id, product_id, quantity, unit_price) VALUES ('142889f5-75f9-4930-b843-bf32e18c518b', 'ec324112-29a8-4881-a3c4-c3138406ed8f', '62ef8688-4450-4576-a31f-f9b14adc145e', 10, 4927.75) ON CONFLICT (id) DO NOTHING;
INSERT INTO public.order_items (id, order_id, product_id, quantity, unit_price) VALUES ('84fc916c-3a63-4ade-a55e-b906d09c59cf', 'ec324112-29a8-4881-a3c4-c3138406ed8f', '3ff891df-32e8-4aa5-a877-aa990f5d35a7', 9, 8339.44) ON CONFLICT (id) DO NOTHING;
INSERT INTO public.order_items (id, order_id, product_id, quantity, unit_price) VALUES ('95e72eff-db31-4833-8897-1bbc08798409', 'ec324112-29a8-4881-a3c4-c3138406ed8f', 'c92d3b68-c672-47db-b31c-d22de38b3fef', 7, 3846.24) ON CONFLICT (id) DO NOTHING;
INSERT INTO public.order_items (id, order_id, product_id, quantity, unit_price) VALUES ('242fed15-cf46-44a1-82f8-fce9c07c5035', '26a45a21-ab53-4e2d-ac3d-47e61dbd969c', '715f9f83-d3c7-4384-8953-821530004994', 2, 5822.41) ON CONFLICT (id) DO NOTHING;
INSERT INTO public.order_items (id, order_id, product_id, quantity, unit_price) VALUES ('4ca2d424-70d9-4592-b5f1-ca85fca90ae3', '26a45a21-ab53-4e2d-ac3d-47e61dbd969c', '6e495bf3-b0ce-46a6-992f-462b84f3c5e7', 2, 1927.01) ON CONFLICT (id) DO NOTHING;
INSERT INTO public.order_items (id, order_id, product_id, quantity, unit_price) VALUES ('39e63781-203b-4933-9464-df57f02d4a45', '26a45a21-ab53-4e2d-ac3d-47e61dbd969c', 'f5c11d8e-4999-4553-bcc6-f05f5a39e768', 9, 15662.52) ON CONFLICT (id) DO NOTHING;
INSERT INTO public.order_items (id, order_id, product_id, quantity, unit_price) VALUES ('d81d26d2-b3e4-451f-ad93-ec538518c84e', '80574b8f-6fd1-4d28-92dd-24a047e622fc', 'f5c11d8e-4999-4553-bcc6-f05f5a39e768', 4, 14741.44) ON CONFLICT (id) DO NOTHING;
INSERT INTO public.order_items (id, order_id, product_id, quantity, unit_price) VALUES ('a5b954bf-d3d5-4662-a685-a3802f8dc34e', '80574b8f-6fd1-4d28-92dd-24a047e622fc', '715f9f83-d3c7-4384-8953-821530004994', 8, 5388.6) ON CONFLICT (id) DO NOTHING;
INSERT INTO public.order_items (id, order_id, product_id, quantity, unit_price) VALUES ('fca2f11f-d654-4781-9589-00a239fe2a56', '723a3f0b-1fee-4c0e-9a3a-26bccafdd88d', '3ff891df-32e8-4aa5-a877-aa990f5d35a7', 7, 7700.04) ON CONFLICT (id) DO NOTHING;
INSERT INTO public.order_items (id, order_id, product_id, quantity, unit_price) VALUES ('5156c37a-c6ef-4780-99bc-8be4dc576da2', 'd425acf2-8d46-47fc-908d-fe76e93a35aa', '7f639995-68b2-441e-85b9-c73e9d668710', 2, 2754.73) ON CONFLICT (id) DO NOTHING;
INSERT INTO public.order_items (id, order_id, product_id, quantity, unit_price) VALUES ('76e5d574-90a6-4d41-846a-4c8133236fd9', 'd425acf2-8d46-47fc-908d-fe76e93a35aa', 'c92d3b68-c672-47db-b31c-d22de38b3fef', 2, 3215.26) ON CONFLICT (id) DO NOTHING;
INSERT INTO public.order_items (id, order_id, product_id, quantity, unit_price) VALUES ('9822de5a-0a18-4ce7-8c2f-9bd8e198a40c', 'd425acf2-8d46-47fc-908d-fe76e93a35aa', '10a9909c-0123-4884-a2c3-74c52093ac2d', 2, 3776.1) ON CONFLICT (id) DO NOTHING;
INSERT INTO public.order_items (id, order_id, product_id, quantity, unit_price) VALUES ('e3224c02-94da-4023-893c-74ccf5061669', '9dab0617-45ab-463f-b7c7-bb3e98944b8a', 'c92d3b68-c672-47db-b31c-d22de38b3fef', 10, 3819.64) ON CONFLICT (id) DO NOTHING;
INSERT INTO public.order_items (id, order_id, product_id, quantity, unit_price) VALUES ('15afdf0f-7b79-43d6-bd8a-f17f3efd6ff0', '9dab0617-45ab-463f-b7c7-bb3e98944b8a', '571b6983-1459-4297-b99a-a37f164cc3c7', 9, 6954.69) ON CONFLICT (id) DO NOTHING;
INSERT INTO public.order_items (id, order_id, product_id, quantity, unit_price) VALUES ('4aa11978-072d-455b-a529-a3866ebf6687', '9dab0617-45ab-463f-b7c7-bb3e98944b8a', 'e1a9712c-ef94-4a08-ad16-c256e8aff469', 2, 8838.47) ON CONFLICT (id) DO NOTHING;
INSERT INTO public.order_items (id, order_id, product_id, quantity, unit_price) VALUES ('75682ae7-f4d6-4f77-a6b1-c69afb385cd7', 'a8b2c9e9-0af0-431e-bc42-c7edd0c33616', 'e1a9712c-ef94-4a08-ad16-c256e8aff469', 2, 9139.24) ON CONFLICT (id) DO NOTHING;
INSERT INTO public.order_items (id, order_id, product_id, quantity, unit_price) VALUES ('1398ddfb-207c-411d-8c68-6531ee8cb6e2', 'a8b2c9e9-0af0-431e-bc42-c7edd0c33616', '0bead72f-27ce-45d9-9333-9394e3478b36', 4, 4189.26) ON CONFLICT (id) DO NOTHING;
INSERT INTO public.order_items (id, order_id, product_id, quantity, unit_price) VALUES ('0e3fc704-0056-461e-afb1-0644c077692a', 'a8b2c9e9-0af0-431e-bc42-c7edd0c33616', '79b0af7d-9b62-498f-9fbe-548b676eecb8', 8, 2267.64) ON CONFLICT (id) DO NOTHING;
INSERT INTO public.order_items (id, order_id, product_id, quantity, unit_price) VALUES ('a9b57680-f1f9-4651-a659-72a750c62314', 'a8b2c9e9-0af0-431e-bc42-c7edd0c33616', '7f639995-68b2-441e-85b9-c73e9d668710', 2, 2910.07) ON CONFLICT (id) DO NOTHING;
INSERT INTO public.order_items (id, order_id, product_id, quantity, unit_price) VALUES ('2f8f352a-5f46-42d7-be88-05705ed0c2ea', '02a580be-1a17-4ac6-8751-45e2d68924a2', '90bbbb7e-abea-4773-8a46-f68d63a5e5b2', 7, 3206.02) ON CONFLICT (id) DO NOTHING;
INSERT INTO public.order_items (id, order_id, product_id, quantity, unit_price) VALUES ('3e8c6190-78d8-4c64-9f9c-9987dfe0689f', '02a580be-1a17-4ac6-8751-45e2d68924a2', '6da4251d-1cba-46c6-8d26-ff14eed1384d', 10, 6136.29) ON CONFLICT (id) DO NOTHING;
INSERT INTO public.order_items (id, order_id, product_id, quantity, unit_price) VALUES ('66e96a80-8b73-45b6-babb-76bbd0217a64', '02a580be-1a17-4ac6-8751-45e2d68924a2', '94631abd-5c1a-48d3-8c73-28bb95356e3f', 9, 10863.01) ON CONFLICT (id) DO NOTHING;
INSERT INTO public.order_items (id, order_id, product_id, quantity, unit_price) VALUES ('f330822c-fba8-46d4-8ef7-97d9ae159a2d', '3f0a738a-db9c-40e6-bac7-977f0fd78fd8', 'bc067b70-4236-4a26-9d9e-af6ff4c86eeb', 5, 16263.53) ON CONFLICT (id) DO NOTHING;
INSERT INTO public.order_items (id, order_id, product_id, quantity, unit_price) VALUES ('0585cf99-1185-447b-8bca-72e3dae5c323', '3f0a738a-db9c-40e6-bac7-977f0fd78fd8', 'e0df1e4d-4eab-4bf8-acef-7f26f3251925', 6, 4686.35) ON CONFLICT (id) DO NOTHING;
INSERT INTO public.order_items (id, order_id, product_id, quantity, unit_price) VALUES ('4c786eea-739b-448b-833b-965e5abb963d', '3f0a738a-db9c-40e6-bac7-977f0fd78fd8', '6da4251d-1cba-46c6-8d26-ff14eed1384d', 3, 6079.59) ON CONFLICT (id) DO NOTHING;
INSERT INTO public.order_items (id, order_id, product_id, quantity, unit_price) VALUES ('c04cc001-a597-4bbe-868e-50352754e0fc', '3ec43417-be3a-404d-8105-dac9373d88f9', 'f9574cf1-226e-4263-93bb-de3c5e9afc41', 9, 4714.19) ON CONFLICT (id) DO NOTHING;
INSERT INTO public.order_items (id, order_id, product_id, quantity, unit_price) VALUES ('4e6fcfcd-ada5-46b4-9d58-1aece253dc93', '3ec43417-be3a-404d-8105-dac9373d88f9', 'c92d3b68-c672-47db-b31c-d22de38b3fef', 7, 3467.55) ON CONFLICT (id) DO NOTHING;
INSERT INTO public.order_items (id, order_id, product_id, quantity, unit_price) VALUES ('127142c8-4e3f-405a-8c91-a6e70873963d', '3ec43417-be3a-404d-8105-dac9373d88f9', 'bc067b70-4236-4a26-9d9e-af6ff4c86eeb', 3, 14609.19) ON CONFLICT (id) DO NOTHING;
INSERT INTO public.order_items (id, order_id, product_id, quantity, unit_price) VALUES ('256702fa-ae48-47fe-a71a-66c0025d5b75', '3ec43417-be3a-404d-8105-dac9373d88f9', '62ef8688-4450-4576-a31f-f9b14adc145e', 6, 5065.76) ON CONFLICT (id) DO NOTHING;
INSERT INTO public.order_items (id, order_id, product_id, quantity, unit_price) VALUES ('3bb47b71-e996-4959-90d1-e157b36aeaf1', '1f29f86d-1fa2-447f-8503-8adb9b11339d', 'e1a9712c-ef94-4a08-ad16-c256e8aff469', 3, 8382.41) ON CONFLICT (id) DO NOTHING;
INSERT INTO public.order_items (id, order_id, product_id, quantity, unit_price) VALUES ('bd44650e-efdc-4af0-ae94-f7dd82d8bbc5', '8168cdf6-ec98-4178-9067-8e9e0a40a124', 'f9574cf1-226e-4263-93bb-de3c5e9afc41', 5, 4942.12) ON CONFLICT (id) DO NOTHING;
INSERT INTO public.order_items (id, order_id, product_id, quantity, unit_price) VALUES ('bbc4bbb9-d0ae-4be7-a5cb-45eb6f24800c', '4a413e43-b61e-4bbe-839c-e3bc5e35b929', '10a9909c-0123-4884-a2c3-74c52093ac2d', 4, 3783.56) ON CONFLICT (id) DO NOTHING;
INSERT INTO public.order_items (id, order_id, product_id, quantity, unit_price) VALUES ('1715e22c-9f1c-43d1-a460-f746550d5baa', '4a413e43-b61e-4bbe-839c-e3bc5e35b929', '715f9f83-d3c7-4384-8953-821530004994', 2, 5329.69) ON CONFLICT (id) DO NOTHING;
INSERT INTO public.order_items (id, order_id, product_id, quantity, unit_price) VALUES ('333daa35-23e0-42e9-92fb-bf15cd321f6b', '4a413e43-b61e-4bbe-839c-e3bc5e35b929', 'f5c11d8e-4999-4553-bcc6-f05f5a39e768', 2, 14349.74) ON CONFLICT (id) DO NOTHING;
INSERT INTO public.order_items (id, order_id, product_id, quantity, unit_price) VALUES ('42e42b96-94db-4af1-9249-1c996729cd8e', '4a413e43-b61e-4bbe-839c-e3bc5e35b929', '6da4251d-1cba-46c6-8d26-ff14eed1384d', 10, 5983.96) ON CONFLICT (id) DO NOTHING;
INSERT INTO public.order_items (id, order_id, product_id, quantity, unit_price) VALUES ('7c052015-11ae-4955-9c50-16f6938260d8', 'e1040bda-e143-41fb-8a58-9850f5f91ac4', 'e1a9712c-ef94-4a08-ad16-c256e8aff469', 10, 8197.7) ON CONFLICT (id) DO NOTHING;
INSERT INTO public.order_items (id, order_id, product_id, quantity, unit_price) VALUES ('e8c0b355-0ca9-449e-a895-524cf9b955b7', 'e1040bda-e143-41fb-8a58-9850f5f91ac4', '94631abd-5c1a-48d3-8c73-28bb95356e3f', 4, 11523.41) ON CONFLICT (id) DO NOTHING;
INSERT INTO public.order_items (id, order_id, product_id, quantity, unit_price) VALUES ('bf52a8d7-223a-4b56-a2e6-e1480782ddb7', 'e1040bda-e143-41fb-8a58-9850f5f91ac4', 'a60ba69d-845a-4496-8a9e-7407ef5d0df8', 4, 9481.23) ON CONFLICT (id) DO NOTHING;
INSERT INTO public.order_items (id, order_id, product_id, quantity, unit_price) VALUES ('547e3d0d-60df-4a65-a255-e9db450ae520', '9e1b4693-7dec-4a94-acf4-27864f393f30', '0bead72f-27ce-45d9-9333-9394e3478b36', 1, 4497.65) ON CONFLICT (id) DO NOTHING;
INSERT INTO public.order_items (id, order_id, product_id, quantity, unit_price) VALUES ('dba01cc2-a827-4239-80c5-5c820b6758cd', '9e1b4693-7dec-4a94-acf4-27864f393f30', '3ff891df-32e8-4aa5-a877-aa990f5d35a7', 7, 7481.11) ON CONFLICT (id) DO NOTHING;
INSERT INTO public.order_items (id, order_id, product_id, quantity, unit_price) VALUES ('46b8f73f-2375-49a3-9aca-2652baad9b81', '9e1b4693-7dec-4a94-acf4-27864f393f30', '90bbbb7e-abea-4773-8a46-f68d63a5e5b2', 7, 3018.54) ON CONFLICT (id) DO NOTHING;
INSERT INTO public.order_items (id, order_id, product_id, quantity, unit_price) VALUES ('37e48eb9-1528-440c-b54d-4a0a2ddbd294', 'd483d8b9-7610-490e-a398-80a4f6b3a3ec', '6e495bf3-b0ce-46a6-992f-462b84f3c5e7', 6, 1645.95) ON CONFLICT (id) DO NOTHING;
INSERT INTO public.order_items (id, order_id, product_id, quantity, unit_price) VALUES ('78759895-220d-43f2-a0ba-cbbcb8bf698c', 'd483d8b9-7610-490e-a398-80a4f6b3a3ec', '571b6983-1459-4297-b99a-a37f164cc3c7', 1, 7108.16) ON CONFLICT (id) DO NOTHING;
INSERT INTO public.order_items (id, order_id, product_id, quantity, unit_price) VALUES ('0570f9d6-8f37-4333-9c9f-78fb40a9863e', '8b084a0d-1f38-43f0-a796-9b9c530f1191', 'f9574cf1-226e-4263-93bb-de3c5e9afc41', 7, 4788.56) ON CONFLICT (id) DO NOTHING;
INSERT INTO public.order_items (id, order_id, product_id, quantity, unit_price) VALUES ('a116f248-bd21-4814-9506-478ba05c4d9f', '8b084a0d-1f38-43f0-a796-9b9c530f1191', '3ff891df-32e8-4aa5-a877-aa990f5d35a7', 7, 7233.37) ON CONFLICT (id) DO NOTHING;
INSERT INTO public.order_items (id, order_id, product_id, quantity, unit_price) VALUES ('3d6144cb-d245-49f6-8b18-273c9b1088e8', '8b084a0d-1f38-43f0-a796-9b9c530f1191', 'f5c11d8e-4999-4553-bcc6-f05f5a39e768', 6, 14015.62) ON CONFLICT (id) DO NOTHING;
INSERT INTO public.order_items (id, order_id, product_id, quantity, unit_price) VALUES ('108f88a0-7f75-4128-bdc7-c1579bca53b4', '8b084a0d-1f38-43f0-a796-9b9c530f1191', 'a60ba69d-845a-4496-8a9e-7407ef5d0df8', 10, 8928.17) ON CONFLICT (id) DO NOTHING;
INSERT INTO public.order_items (id, order_id, product_id, quantity, unit_price) VALUES ('d3c7798a-fbe8-44d1-8ea6-dc04bfd6dc9e', 'eefb0a56-0796-4ff1-8bf0-c48a3f2b2b95', 'f9574cf1-226e-4263-93bb-de3c5e9afc41', 4, 4934.69) ON CONFLICT (id) DO NOTHING;
INSERT INTO public.order_items (id, order_id, product_id, quantity, unit_price) VALUES ('4cad2860-f390-49ee-8620-81ed30615b65', 'eefb0a56-0796-4ff1-8bf0-c48a3f2b2b95', 'f5c11d8e-4999-4553-bcc6-f05f5a39e768', 7, 15071.89) ON CONFLICT (id) DO NOTHING;
INSERT INTO public.order_items (id, order_id, product_id, quantity, unit_price) VALUES ('ac48b9f9-779e-4206-9bf1-8001e846ee53', 'eefb0a56-0796-4ff1-8bf0-c48a3f2b2b95', '90bbbb7e-abea-4773-8a46-f68d63a5e5b2', 7, 3221.24) ON CONFLICT (id) DO NOTHING;
INSERT INTO public.order_items (id, order_id, product_id, quantity, unit_price) VALUES ('a9220f91-ef0d-4145-93fa-db416782859a', '2c203f0c-7f50-4cc6-841f-5dbf23df42f8', '94631abd-5c1a-48d3-8c73-28bb95356e3f', 2, 12025.16) ON CONFLICT (id) DO NOTHING;
INSERT INTO public.order_items (id, order_id, product_id, quantity, unit_price) VALUES ('e1dd4192-8109-46dd-9c4d-b0d60a19a1c1', '2c203f0c-7f50-4cc6-841f-5dbf23df42f8', '3ff891df-32e8-4aa5-a877-aa990f5d35a7', 2, 8048.97) ON CONFLICT (id) DO NOTHING;
INSERT INTO public.order_items (id, order_id, product_id, quantity, unit_price) VALUES ('ed2c09d7-9d3d-4189-9bef-b8e05e7fab45', '2c203f0c-7f50-4cc6-841f-5dbf23df42f8', 'e0df1e4d-4eab-4bf8-acef-7f26f3251925', 4, 5622.16) ON CONFLICT (id) DO NOTHING;
INSERT INTO public.order_items (id, order_id, product_id, quantity, unit_price) VALUES ('f34ee8b6-a35c-4506-aebe-303d8821abee', '2e31222d-55bd-4b74-bb0f-74ac843e5624', '7f639995-68b2-441e-85b9-c73e9d668710', 2, 2787.87) ON CONFLICT (id) DO NOTHING;
INSERT INTO public.order_items (id, order_id, product_id, quantity, unit_price) VALUES ('b0abd160-ee94-400d-9ead-03a41aa3b047', '2e31222d-55bd-4b74-bb0f-74ac843e5624', 'c92d3b68-c672-47db-b31c-d22de38b3fef', 4, 3271.45) ON CONFLICT (id) DO NOTHING;
INSERT INTO public.order_items (id, order_id, product_id, quantity, unit_price) VALUES ('731fe6f4-7174-4c64-bc46-4a7e50be8c3b', '2e31222d-55bd-4b74-bb0f-74ac843e5624', '94631abd-5c1a-48d3-8c73-28bb95356e3f', 3, 12624.52) ON CONFLICT (id) DO NOTHING;
INSERT INTO public.order_items (id, order_id, product_id, quantity, unit_price) VALUES ('8a1ab700-0056-46e6-b0e6-17e53fdaf665', '72498471-8b4d-428d-90b8-fafe28e1b529', 'e0df1e4d-4eab-4bf8-acef-7f26f3251925', 8, 5162.51) ON CONFLICT (id) DO NOTHING;
INSERT INTO public.order_items (id, order_id, product_id, quantity, unit_price) VALUES ('ca4d8e40-df03-40a8-b52e-54f6838f941f', '71a7a4d1-5f09-493d-be6b-07b7f0fadfaa', '79b0af7d-9b62-498f-9fbe-548b676eecb8', 8, 2192.78) ON CONFLICT (id) DO NOTHING;
INSERT INTO public.order_items (id, order_id, product_id, quantity, unit_price) VALUES ('570c1127-bdad-4c24-b01b-1d3b04f39a96', '71a7a4d1-5f09-493d-be6b-07b7f0fadfaa', '3ff891df-32e8-4aa5-a877-aa990f5d35a7', 8, 8210.22) ON CONFLICT (id) DO NOTHING;
INSERT INTO public.order_items (id, order_id, product_id, quantity, unit_price) VALUES ('fa83238f-a1ec-4480-8f44-6d5aeef0196e', '71a7a4d1-5f09-493d-be6b-07b7f0fadfaa', '62ef8688-4450-4576-a31f-f9b14adc145e', 5, 4887.76) ON CONFLICT (id) DO NOTHING;
INSERT INTO public.order_items (id, order_id, product_id, quantity, unit_price) VALUES ('e701b390-340a-4ef3-8a0c-846202c5a864', '71a7a4d1-5f09-493d-be6b-07b7f0fadfaa', 'c92d3b68-c672-47db-b31c-d22de38b3fef', 6, 3505.14) ON CONFLICT (id) DO NOTHING;
INSERT INTO public.order_items (id, order_id, product_id, quantity, unit_price) VALUES ('7013db5b-0799-4b95-9a30-20eda99cc24c', '4be03cdf-d49b-4ac8-8c84-d47d65067f73', '715f9f83-d3c7-4384-8953-821530004994', 1, 5355.61) ON CONFLICT (id) DO NOTHING;
INSERT INTO public.order_items (id, order_id, product_id, quantity, unit_price) VALUES ('c0d617fb-9ec8-4d3a-b469-61bc46ef21ff', '4be03cdf-d49b-4ac8-8c84-d47d65067f73', '62ef8688-4450-4576-a31f-f9b14adc145e', 5, 4393.66) ON CONFLICT (id) DO NOTHING;
INSERT INTO public.order_items (id, order_id, product_id, quantity, unit_price) VALUES ('0255ffd8-a6f8-4387-ad32-b2e8a2b228f3', '4be03cdf-d49b-4ac8-8c84-d47d65067f73', 'e1a9712c-ef94-4a08-ad16-c256e8aff469', 2, 9205.99) ON CONFLICT (id) DO NOTHING;
INSERT INTO public.order_items (id, order_id, product_id, quantity, unit_price) VALUES ('af04f33d-de9a-48c7-9fc7-22906e26dad8', '5e68287d-a75f-42c7-9b48-4034e1160090', '715f9f83-d3c7-4384-8953-821530004994', 8, 5949.95) ON CONFLICT (id) DO NOTHING;
INSERT INTO public.order_items (id, order_id, product_id, quantity, unit_price) VALUES ('932d75ea-187d-473f-942f-2138609eda9b', '5e68287d-a75f-42c7-9b48-4034e1160090', '79b0af7d-9b62-498f-9fbe-548b676eecb8', 10, 2472.88) ON CONFLICT (id) DO NOTHING;
INSERT INTO public.order_items (id, order_id, product_id, quantity, unit_price) VALUES ('a54d8f16-b06c-4c81-8199-a57493522f0a', '5e68287d-a75f-42c7-9b48-4034e1160090', '571b6983-1459-4297-b99a-a37f164cc3c7', 6, 7351.21) ON CONFLICT (id) DO NOTHING;
INSERT INTO public.order_items (id, order_id, product_id, quantity, unit_price) VALUES ('a99f9e82-039a-4568-a553-21ba945bc176', '5e68287d-a75f-42c7-9b48-4034e1160090', 'e1a9712c-ef94-4a08-ad16-c256e8aff469', 9, 8370.62) ON CONFLICT (id) DO NOTHING;
INSERT INTO public.order_items (id, order_id, product_id, quantity, unit_price) VALUES ('5420ba3c-6e87-4089-9e0b-b36a4ad1439c', '25cc741e-e755-4145-b7a3-a9bcebd2c23f', '715f9f83-d3c7-4384-8953-821530004994', 2, 5842.06) ON CONFLICT (id) DO NOTHING;
INSERT INTO public.order_items (id, order_id, product_id, quantity, unit_price) VALUES ('4502b1dd-2a33-48bf-8f18-5d319099fbef', 'a7c00112-bcfb-4e20-89e4-cb2c26043f5e', 'f9574cf1-226e-4263-93bb-de3c5e9afc41', 1, 4746.79) ON CONFLICT (id) DO NOTHING;
INSERT INTO public.order_items (id, order_id, product_id, quantity, unit_price) VALUES ('ebc30f44-a7a8-4386-b2d6-da1dc20d7a4a', 'a7c00112-bcfb-4e20-89e4-cb2c26043f5e', '6e495bf3-b0ce-46a6-992f-462b84f3c5e7', 8, 1976.75) ON CONFLICT (id) DO NOTHING;
INSERT INTO public.order_items (id, order_id, product_id, quantity, unit_price) VALUES ('127698e7-62c9-434f-b9d1-3e24f79af0e3', 'a7c00112-bcfb-4e20-89e4-cb2c26043f5e', 'e0df1e4d-4eab-4bf8-acef-7f26f3251925', 9, 5223.66) ON CONFLICT (id) DO NOTHING;
INSERT INTO public.order_items (id, order_id, product_id, quantity, unit_price) VALUES ('1f6aec24-7154-4daf-9ad0-b984cc921af3', 'a64bf783-a053-4832-af6c-b0a7e54684dd', '7f639995-68b2-441e-85b9-c73e9d668710', 5, 2932.45) ON CONFLICT (id) DO NOTHING;
INSERT INTO public.order_items (id, order_id, product_id, quantity, unit_price) VALUES ('ebf7180b-d8ed-482b-be59-e1fa9182d1d5', 'a64bf783-a053-4832-af6c-b0a7e54684dd', '62ef8688-4450-4576-a31f-f9b14adc145e', 6, 4971.74) ON CONFLICT (id) DO NOTHING;
INSERT INTO public.order_items (id, order_id, product_id, quantity, unit_price) VALUES ('395291a5-2d86-45e8-ab82-abeaba158f34', '4ad472b6-3ddf-4845-a20b-f525f4a70440', '3ff891df-32e8-4aa5-a877-aa990f5d35a7', 2, 7727.51) ON CONFLICT (id) DO NOTHING;
INSERT INTO public.order_items (id, order_id, product_id, quantity, unit_price) VALUES ('a762a6b7-99d4-4e9f-9365-20cc5fb9637f', '1adf6ffe-cee9-441a-bf37-a8dfcfbfe94d', '0bead72f-27ce-45d9-9333-9394e3478b36', 2, 4574.47) ON CONFLICT (id) DO NOTHING;
INSERT INTO public.order_items (id, order_id, product_id, quantity, unit_price) VALUES ('2d5d4e1c-2ff8-4b80-996f-331c03468ace', '1adf6ffe-cee9-441a-bf37-a8dfcfbfe94d', '6da4251d-1cba-46c6-8d26-ff14eed1384d', 3, 6500.1) ON CONFLICT (id) DO NOTHING;
INSERT INTO public.order_items (id, order_id, product_id, quantity, unit_price) VALUES ('cebb8db3-e7ba-4091-844d-cfa00319aa6c', '1adf6ffe-cee9-441a-bf37-a8dfcfbfe94d', 'c92d3b68-c672-47db-b31c-d22de38b3fef', 5, 3827.39) ON CONFLICT (id) DO NOTHING;
INSERT INTO public.order_items (id, order_id, product_id, quantity, unit_price) VALUES ('bc4748aa-09de-43c7-9eef-804aecb34642', '1adf6ffe-cee9-441a-bf37-a8dfcfbfe94d', '3ff891df-32e8-4aa5-a877-aa990f5d35a7', 7, 7406.32) ON CONFLICT (id) DO NOTHING;
INSERT INTO public.order_items (id, order_id, product_id, quantity, unit_price) VALUES ('c296289a-ec74-4f1a-b1b1-c0ff21550e50', '22084e34-ce71-4bf5-a07b-69bc9518a697', '0bead72f-27ce-45d9-9333-9394e3478b36', 9, 4389.01) ON CONFLICT (id) DO NOTHING;
INSERT INTO public.order_items (id, order_id, product_id, quantity, unit_price) VALUES ('83fede7b-bed0-418e-8c73-96e76340d902', '82ec2f2f-7793-4ae3-aea7-0aca4a3808d3', 'c92d3b68-c672-47db-b31c-d22de38b3fef', 7, 3505.94) ON CONFLICT (id) DO NOTHING;
INSERT INTO public.order_items (id, order_id, product_id, quantity, unit_price) VALUES ('0d132ec2-5dfd-4c46-b02e-6f79c758a7a3', '82ec2f2f-7793-4ae3-aea7-0aca4a3808d3', '6e495bf3-b0ce-46a6-992f-462b84f3c5e7', 1, 1750.54) ON CONFLICT (id) DO NOTHING;
INSERT INTO public.order_items (id, order_id, product_id, quantity, unit_price) VALUES ('9ca9e7ce-d67d-45cc-9415-27e0b6a91b9c', '82ec2f2f-7793-4ae3-aea7-0aca4a3808d3', 'f9574cf1-226e-4263-93bb-de3c5e9afc41', 3, 5450.08) ON CONFLICT (id) DO NOTHING;
INSERT INTO public.order_items (id, order_id, product_id, quantity, unit_price) VALUES ('3e4fb46f-403c-4371-89a3-89ce48159628', '98e7482d-fa9c-4f6f-a2f9-0401fa73db86', '10a9909c-0123-4884-a2c3-74c52093ac2d', 3, 3351.56) ON CONFLICT (id) DO NOTHING;
INSERT INTO public.order_items (id, order_id, product_id, quantity, unit_price) VALUES ('9a106524-ce4e-4903-80a9-045e8d53c336', '98e7482d-fa9c-4f6f-a2f9-0401fa73db86', '6cb45a38-bc5e-4338-9c11-e18dc464ddc0', 5, 1923.99) ON CONFLICT (id) DO NOTHING;
INSERT INTO public.order_items (id, order_id, product_id, quantity, unit_price) VALUES ('e266ac8e-ffeb-46d9-b197-530d2ba08266', '98e7482d-fa9c-4f6f-a2f9-0401fa73db86', '94631abd-5c1a-48d3-8c73-28bb95356e3f', 2, 12018.46) ON CONFLICT (id) DO NOTHING;
INSERT INTO public.order_items (id, order_id, product_id, quantity, unit_price) VALUES ('35dd3e41-c880-4fad-81d5-3efdaf8375f0', '5566d0f7-9bd7-4baa-ba69-031fe9a6d93e', '3ff891df-32e8-4aa5-a877-aa990f5d35a7', 10, 7409.68) ON CONFLICT (id) DO NOTHING;
INSERT INTO public.order_items (id, order_id, product_id, quantity, unit_price) VALUES ('c4b14bf5-9ca1-4b80-a1b1-b6f1eb8f3689', '61a84ac3-7501-441d-80a8-315599688032', 'c92d3b68-c672-47db-b31c-d22de38b3fef', 8, 3180.58) ON CONFLICT (id) DO NOTHING;
INSERT INTO public.order_items (id, order_id, product_id, quantity, unit_price) VALUES ('119c214a-9e5f-40c8-98ae-1b294559cb4a', '61a84ac3-7501-441d-80a8-315599688032', 'e0df1e4d-4eab-4bf8-acef-7f26f3251925', 6, 5383.42) ON CONFLICT (id) DO NOTHING;
INSERT INTO public.order_items (id, order_id, product_id, quantity, unit_price) VALUES ('40fb267d-32fa-4b70-986b-8ee91f443cc1', '61a84ac3-7501-441d-80a8-315599688032', '79b0af7d-9b62-498f-9fbe-548b676eecb8', 4, 2625.4) ON CONFLICT (id) DO NOTHING;
INSERT INTO public.order_items (id, order_id, product_id, quantity, unit_price) VALUES ('89b2f2c8-fc9e-472c-a682-75a39d75a3fa', '61a84ac3-7501-441d-80a8-315599688032', '571b6983-1459-4297-b99a-a37f164cc3c7', 10, 6890.3) ON CONFLICT (id) DO NOTHING;
INSERT INTO public.order_items (id, order_id, product_id, quantity, unit_price) VALUES ('826ff4c1-8535-4a10-87ad-ef80fa9c1dd8', '161b0601-6749-4167-85b2-619647248706', '94631abd-5c1a-48d3-8c73-28bb95356e3f', 8, 12969.54) ON CONFLICT (id) DO NOTHING;
INSERT INTO public.order_items (id, order_id, product_id, quantity, unit_price) VALUES ('de435336-bfc4-486c-9fa1-b09770dd3d49', '161b0601-6749-4167-85b2-619647248706', '571b6983-1459-4297-b99a-a37f164cc3c7', 4, 7009.69) ON CONFLICT (id) DO NOTHING;
INSERT INTO public.order_items (id, order_id, product_id, quantity, unit_price) VALUES ('cd2dc423-bbd3-44ac-bc7f-e973ea00d7ac', '161b0601-6749-4167-85b2-619647248706', '62ef8688-4450-4576-a31f-f9b14adc145e', 10, 5265.06) ON CONFLICT (id) DO NOTHING;
INSERT INTO public.order_items (id, order_id, product_id, quantity, unit_price) VALUES ('89905d66-a381-49c4-913c-51ba1d0ce33a', '161b0601-6749-4167-85b2-619647248706', '0bead72f-27ce-45d9-9333-9394e3478b36', 8, 4742.49) ON CONFLICT (id) DO NOTHING;
INSERT INTO public.order_items (id, order_id, product_id, quantity, unit_price) VALUES ('584e9cb9-ac3b-49dc-a874-9df2b3a01931', 'cbcc48de-dbb0-4393-9b06-5fc1ba3923da', '6e495bf3-b0ce-46a6-992f-462b84f3c5e7', 4, 1908.45) ON CONFLICT (id) DO NOTHING;
INSERT INTO public.order_items (id, order_id, product_id, quantity, unit_price) VALUES ('576e6c83-07e3-4b10-9061-2df9874a7520', 'cbcc48de-dbb0-4393-9b06-5fc1ba3923da', '62ef8688-4450-4576-a31f-f9b14adc145e', 3, 5158.08) ON CONFLICT (id) DO NOTHING;
INSERT INTO public.order_items (id, order_id, product_id, quantity, unit_price) VALUES ('bb0c5042-1067-4a4f-b52d-b6335255bb01', 'cbcc48de-dbb0-4393-9b06-5fc1ba3923da', 'f5c11d8e-4999-4553-bcc6-f05f5a39e768', 1, 15423.54) ON CONFLICT (id) DO NOTHING;
INSERT INTO public.order_items (id, order_id, product_id, quantity, unit_price) VALUES ('d179830d-d998-426d-8e4a-383b16376baa', 'cbcc48de-dbb0-4393-9b06-5fc1ba3923da', 'e0df1e4d-4eab-4bf8-acef-7f26f3251925', 6, 5256.72) ON CONFLICT (id) DO NOTHING;
INSERT INTO public.order_items (id, order_id, product_id, quantity, unit_price) VALUES ('45feba4c-f57b-4bc7-8827-9103f62fd9a9', 'e194bd6a-9aea-48f1-9ec4-9d78418dd3f3', '6e495bf3-b0ce-46a6-992f-462b84f3c5e7', 2, 1722.62) ON CONFLICT (id) DO NOTHING;
INSERT INTO public.order_items (id, order_id, product_id, quantity, unit_price) VALUES ('bd403f45-eec8-4785-9758-d1dc4511bdcb', '1ab32236-9eb8-4f90-b8ac-b3a9bbae1e7b', '6da4251d-1cba-46c6-8d26-ff14eed1384d', 9, 5576.82) ON CONFLICT (id) DO NOTHING;
INSERT INTO public.order_items (id, order_id, product_id, quantity, unit_price) VALUES ('0b133023-c7a7-4727-a332-3c665be6e206', '1ab32236-9eb8-4f90-b8ac-b3a9bbae1e7b', '715f9f83-d3c7-4384-8953-821530004994', 7, 5050.88) ON CONFLICT (id) DO NOTHING;
INSERT INTO public.order_items (id, order_id, product_id, quantity, unit_price) VALUES ('fa9a1323-8276-4822-b794-facc63e83b6d', 'a00a95a9-0ffd-4830-bd82-40775798b1ee', '715f9f83-d3c7-4384-8953-821530004994', 1, 5406.39) ON CONFLICT (id) DO NOTHING;
INSERT INTO public.order_items (id, order_id, product_id, quantity, unit_price) VALUES ('93a5952d-73c3-4adf-994a-463768df5e51', 'a00a95a9-0ffd-4830-bd82-40775798b1ee', '7f639995-68b2-441e-85b9-c73e9d668710', 7, 3001.2) ON CONFLICT (id) DO NOTHING;
INSERT INTO public.order_items (id, order_id, product_id, quantity, unit_price) VALUES ('c50ba7c6-7d20-4268-b76f-356df50adf48', '31a5e729-1b58-4995-900b-017f30aa22d6', 'a60ba69d-845a-4496-8a9e-7407ef5d0df8', 6, 8504.17) ON CONFLICT (id) DO NOTHING;
INSERT INTO public.order_items (id, order_id, product_id, quantity, unit_price) VALUES ('23843db9-bd61-4c55-a8ac-08ec746253c6', '31a5e729-1b58-4995-900b-017f30aa22d6', 'f9574cf1-226e-4263-93bb-de3c5e9afc41', 6, 5429.74) ON CONFLICT (id) DO NOTHING;
INSERT INTO public.order_items (id, order_id, product_id, quantity, unit_price) VALUES ('778b259c-5145-4556-b16f-51d6853fb38d', 'aab73545-44aa-417b-816f-26887870899e', 'c92d3b68-c672-47db-b31c-d22de38b3fef', 5, 3792.18) ON CONFLICT (id) DO NOTHING;
INSERT INTO public.order_items (id, order_id, product_id, quantity, unit_price) VALUES ('c8c70bf4-87ed-498d-a901-f4cf2d579aa5', 'aab73545-44aa-417b-816f-26887870899e', '62ef8688-4450-4576-a31f-f9b14adc145e', 8, 4988.23) ON CONFLICT (id) DO NOTHING;
INSERT INTO public.order_items (id, order_id, product_id, quantity, unit_price) VALUES ('9dd4f53d-9250-41b6-a96d-da0d54b5a72b', 'aab73545-44aa-417b-816f-26887870899e', 'e1a9712c-ef94-4a08-ad16-c256e8aff469', 3, 9464.86) ON CONFLICT (id) DO NOTHING;
INSERT INTO public.order_items (id, order_id, product_id, quantity, unit_price) VALUES ('a77c64a8-593e-4551-99b8-73eebdf3c198', '643b74d1-b9f3-4bdd-ae74-fe09ff6c3084', '715f9f83-d3c7-4384-8953-821530004994', 5, 5187.22) ON CONFLICT (id) DO NOTHING;
INSERT INTO public.order_items (id, order_id, product_id, quantity, unit_price) VALUES ('b111bd6e-8691-40a7-a96a-12d4cd80c1fa', '643b74d1-b9f3-4bdd-ae74-fe09ff6c3084', 'bc067b70-4236-4a26-9d9e-af6ff4c86eeb', 3, 15145.4) ON CONFLICT (id) DO NOTHING;
INSERT INTO public.order_items (id, order_id, product_id, quantity, unit_price) VALUES ('8c73c0d8-1728-43aa-a319-1d3168607de0', '643b74d1-b9f3-4bdd-ae74-fe09ff6c3084', 'f9574cf1-226e-4263-93bb-de3c5e9afc41', 10, 5026.77) ON CONFLICT (id) DO NOTHING;
INSERT INTO public.order_items (id, order_id, product_id, quantity, unit_price) VALUES ('b46f2070-ff5e-43cf-977e-e68ef36cad7c', '643b74d1-b9f3-4bdd-ae74-fe09ff6c3084', '79b0af7d-9b62-498f-9fbe-548b676eecb8', 2, 2532.56) ON CONFLICT (id) DO NOTHING;
INSERT INTO public.order_items (id, order_id, product_id, quantity, unit_price) VALUES ('4a369d08-e160-407c-9e87-22e856bf9965', 'd1751ad2-7f2a-476e-82c4-336d7a752b38', '0bead72f-27ce-45d9-9333-9394e3478b36', 1, 4264.6) ON CONFLICT (id) DO NOTHING;
INSERT INTO public.order_items (id, order_id, product_id, quantity, unit_price) VALUES ('1e592c22-7caf-4813-bae1-5a744343b7f4', 'd1751ad2-7f2a-476e-82c4-336d7a752b38', '90bbbb7e-abea-4773-8a46-f68d63a5e5b2', 10, 2973.28) ON CONFLICT (id) DO NOTHING;
INSERT INTO public.order_items (id, order_id, product_id, quantity, unit_price) VALUES ('5f53ac88-1fc9-4252-b9c6-b91a24110bb2', '5bb6f0c6-4308-4d63-8667-4774d3b67dc2', '10a9909c-0123-4884-a2c3-74c52093ac2d', 10, 3625.96) ON CONFLICT (id) DO NOTHING;
INSERT INTO public.order_items (id, order_id, product_id, quantity, unit_price) VALUES ('8b39bf43-b978-4a09-957d-bab9df5ecc4e', 'dcdb5f46-7eaf-4325-b435-abe4af3e271d', 'c92d3b68-c672-47db-b31c-d22de38b3fef', 7, 3151.1) ON CONFLICT (id) DO NOTHING;
INSERT INTO public.order_items (id, order_id, product_id, quantity, unit_price) VALUES ('7d92e276-7beb-44f5-9806-90efc00ff26b', 'dcdb5f46-7eaf-4325-b435-abe4af3e271d', '0bead72f-27ce-45d9-9333-9394e3478b36', 6, 4266.51) ON CONFLICT (id) DO NOTHING;
INSERT INTO public.order_items (id, order_id, product_id, quantity, unit_price) VALUES ('5e106501-42c0-48da-b5b8-ed69445ba64a', '789eb12c-38d3-4a14-95ce-f450fb726b55', 'e0df1e4d-4eab-4bf8-acef-7f26f3251925', 2, 5671.54) ON CONFLICT (id) DO NOTHING;
INSERT INTO public.order_items (id, order_id, product_id, quantity, unit_price) VALUES ('68cceecb-0c76-4560-a2e9-2c82cfec52ed', '789eb12c-38d3-4a14-95ce-f450fb726b55', 'f9574cf1-226e-4263-93bb-de3c5e9afc41', 9, 5006.33) ON CONFLICT (id) DO NOTHING;
INSERT INTO public.order_items (id, order_id, product_id, quantity, unit_price) VALUES ('003d8bd6-b146-429b-ba85-c9d9771e3235', '789eb12c-38d3-4a14-95ce-f450fb726b55', '6e495bf3-b0ce-46a6-992f-462b84f3c5e7', 9, 1819.49) ON CONFLICT (id) DO NOTHING;
INSERT INTO public.order_items (id, order_id, product_id, quantity, unit_price) VALUES ('41433b62-d78b-40e8-b7ef-80a400c08234', '789eb12c-38d3-4a14-95ce-f450fb726b55', '7f639995-68b2-441e-85b9-c73e9d668710', 7, 3224.0) ON CONFLICT (id) DO NOTHING;
INSERT INTO public.order_items (id, order_id, product_id, quantity, unit_price) VALUES ('ecb5d567-c5fc-46b2-9cfe-f736ec4eabdf', '7a17774d-9cc0-4607-9cda-8505173190ee', 'a60ba69d-845a-4496-8a9e-7407ef5d0df8', 6, 8556.57) ON CONFLICT (id) DO NOTHING;
INSERT INTO public.order_items (id, order_id, product_id, quantity, unit_price) VALUES ('84fe84a9-bfb0-40f6-be8e-6068b5d56119', 'abe21960-b41d-43d2-ab91-557e27cf8339', '7f639995-68b2-441e-85b9-c73e9d668710', 2, 2906.88) ON CONFLICT (id) DO NOTHING;
INSERT INTO public.order_items (id, order_id, product_id, quantity, unit_price) VALUES ('dc0b7bfb-d89e-431a-8859-ad5188570833', 'e534aad7-c5e2-47d5-bacd-2c8cb62a09f3', '79b0af7d-9b62-498f-9fbe-548b676eecb8', 6, 2224.04) ON CONFLICT (id) DO NOTHING;
INSERT INTO public.order_items (id, order_id, product_id, quantity, unit_price) VALUES ('991d98a5-ad03-4028-9479-ad70e1483133', 'c68a2164-b776-471b-b2bc-547adc98798a', '571b6983-1459-4297-b99a-a37f164cc3c7', 8, 7892.38) ON CONFLICT (id) DO NOTHING;
INSERT INTO public.order_items (id, order_id, product_id, quantity, unit_price) VALUES ('cce82e76-1794-4699-b832-15a16c58e9cd', 'c68a2164-b776-471b-b2bc-547adc98798a', '3ff891df-32e8-4aa5-a877-aa990f5d35a7', 8, 8210.78) ON CONFLICT (id) DO NOTHING;
INSERT INTO public.order_items (id, order_id, product_id, quantity, unit_price) VALUES ('baa2b266-39f7-45a3-a71e-d4f963bf3e07', 'c68a2164-b776-471b-b2bc-547adc98798a', 'e0df1e4d-4eab-4bf8-acef-7f26f3251925', 3, 4745.62) ON CONFLICT (id) DO NOTHING;
INSERT INTO public.order_items (id, order_id, product_id, quantity, unit_price) VALUES ('eed4f253-f6ca-4525-b430-5ea8ffe0bdc6', 'de7405db-a72d-4516-acf0-d46137668e8a', 'e1a9712c-ef94-4a08-ad16-c256e8aff469', 4, 9693.35) ON CONFLICT (id) DO NOTHING;
INSERT INTO public.order_items (id, order_id, product_id, quantity, unit_price) VALUES ('49b153e6-4bc7-47c3-b7c5-d14e1446a8ad', 'de7405db-a72d-4516-acf0-d46137668e8a', '0bead72f-27ce-45d9-9333-9394e3478b36', 6, 4890.03) ON CONFLICT (id) DO NOTHING;
INSERT INTO public.order_items (id, order_id, product_id, quantity, unit_price) VALUES ('1b1e1aec-3e0c-4b0e-b53f-ed7d4b9cabe0', 'de7405db-a72d-4516-acf0-d46137668e8a', '6cb45a38-bc5e-4338-9c11-e18dc464ddc0', 9, 1763.36) ON CONFLICT (id) DO NOTHING;
INSERT INTO public.order_items (id, order_id, product_id, quantity, unit_price) VALUES ('2bb45bda-0662-499f-be4c-fdbf26497319', 'de7405db-a72d-4516-acf0-d46137668e8a', '62ef8688-4450-4576-a31f-f9b14adc145e', 9, 4774.46) ON CONFLICT (id) DO NOTHING;
INSERT INTO public.order_items (id, order_id, product_id, quantity, unit_price) VALUES ('8b1b60bb-61cf-42c5-b59d-81e2dd1177f3', 'ca215f0f-2a41-4a24-b3df-913274ab9ff5', '6cb45a38-bc5e-4338-9c11-e18dc464ddc0', 5, 1748.51) ON CONFLICT (id) DO NOTHING;
INSERT INTO public.order_items (id, order_id, product_id, quantity, unit_price) VALUES ('ca7e7bee-0b7f-444c-a147-c655104b1fbf', '78a3e80e-3e31-4157-9212-261cf60d31b8', '3ff891df-32e8-4aa5-a877-aa990f5d35a7', 5, 7399.16) ON CONFLICT (id) DO NOTHING;
INSERT INTO public.order_items (id, order_id, product_id, quantity, unit_price) VALUES ('02bb053e-55d3-4006-b3e5-ad82b002b588', '2839afb5-759f-4875-85c6-57a50c866d57', 'f5c11d8e-4999-4553-bcc6-f05f5a39e768', 7, 14517.11) ON CONFLICT (id) DO NOTHING;
INSERT INTO public.order_items (id, order_id, product_id, quantity, unit_price) VALUES ('2a280cf0-90ce-4548-a7a2-45c144c3eae3', '2839afb5-759f-4875-85c6-57a50c866d57', 'a60ba69d-845a-4496-8a9e-7407ef5d0df8', 3, 8993.17) ON CONFLICT (id) DO NOTHING;
INSERT INTO public.order_items (id, order_id, product_id, quantity, unit_price) VALUES ('e6f7d039-cf83-41ef-b5d4-2c047a26a1ab', '2839afb5-759f-4875-85c6-57a50c866d57', '715f9f83-d3c7-4384-8953-821530004994', 8, 5354.08) ON CONFLICT (id) DO NOTHING;
INSERT INTO public.order_items (id, order_id, product_id, quantity, unit_price) VALUES ('991e7b22-cfea-41cb-840a-ec8cdb623bda', 'cf1b4927-33d9-4464-96a1-bbe49e21596c', 'f9574cf1-226e-4263-93bb-de3c5e9afc41', 7, 5101.43) ON CONFLICT (id) DO NOTHING;
INSERT INTO public.order_items (id, order_id, product_id, quantity, unit_price) VALUES ('a888b3a2-dc13-4f25-982d-b989d9e38fa0', 'cf1b4927-33d9-4464-96a1-bbe49e21596c', 'f5c11d8e-4999-4553-bcc6-f05f5a39e768', 3, 15136.42) ON CONFLICT (id) DO NOTHING;
INSERT INTO public.order_items (id, order_id, product_id, quantity, unit_price) VALUES ('3b9020db-ba26-4ad5-acd5-16a2e583e340', 'cf1b4927-33d9-4464-96a1-bbe49e21596c', '62ef8688-4450-4576-a31f-f9b14adc145e', 6, 4418.49) ON CONFLICT (id) DO NOTHING;
INSERT INTO public.order_items (id, order_id, product_id, quantity, unit_price) VALUES ('2a00c6e6-3913-4476-969a-5626b5e8ae67', '746a7822-b6e0-4d85-ac5e-d495d8f31add', '0bead72f-27ce-45d9-9333-9394e3478b36', 10, 4695.9) ON CONFLICT (id) DO NOTHING;
INSERT INTO public.order_items (id, order_id, product_id, quantity, unit_price) VALUES ('29fa023e-549a-4ff5-be95-8db0a1eda99c', '746a7822-b6e0-4d85-ac5e-d495d8f31add', '62ef8688-4450-4576-a31f-f9b14adc145e', 3, 4982.17) ON CONFLICT (id) DO NOTHING;
INSERT INTO public.order_items (id, order_id, product_id, quantity, unit_price) VALUES ('b8531c3d-0092-46e8-88e1-78fc38fc97c1', '746a7822-b6e0-4d85-ac5e-d495d8f31add', '715f9f83-d3c7-4384-8953-821530004994', 6, 5441.84) ON CONFLICT (id) DO NOTHING;
INSERT INTO public.order_items (id, order_id, product_id, quantity, unit_price) VALUES ('baeef10d-98d4-42c3-b8a0-dcd69fa68688', '934a5866-27c5-4824-920f-2260edd30577', '62ef8688-4450-4576-a31f-f9b14adc145e', 1, 4392.04) ON CONFLICT (id) DO NOTHING;
INSERT INTO public.order_items (id, order_id, product_id, quantity, unit_price) VALUES ('67be983c-9061-467d-b8fe-e9b4ab2264b5', '934a5866-27c5-4824-920f-2260edd30577', 'f5c11d8e-4999-4553-bcc6-f05f5a39e768', 7, 14589.93) ON CONFLICT (id) DO NOTHING;
INSERT INTO public.order_items (id, order_id, product_id, quantity, unit_price) VALUES ('9e3210d4-ca58-4c65-bd71-a7d8b2dc96f4', '934a5866-27c5-4824-920f-2260edd30577', '6da4251d-1cba-46c6-8d26-ff14eed1384d', 3, 6543.35) ON CONFLICT (id) DO NOTHING;
INSERT INTO public.order_items (id, order_id, product_id, quantity, unit_price) VALUES ('f2c501a1-bf0c-461c-a848-df0bc31b4939', 'da09ebbf-9f45-4ab3-8e36-794c5ae3091c', '62ef8688-4450-4576-a31f-f9b14adc145e', 1, 4441.18) ON CONFLICT (id) DO NOTHING;
INSERT INTO public.order_items (id, order_id, product_id, quantity, unit_price) VALUES ('026f8161-6b4f-4ab4-8a7e-440a04e1b239', 'da09ebbf-9f45-4ab3-8e36-794c5ae3091c', '715f9f83-d3c7-4384-8953-821530004994', 4, 5806.37) ON CONFLICT (id) DO NOTHING;
INSERT INTO public.order_items (id, order_id, product_id, quantity, unit_price) VALUES ('b992a6a9-b351-4139-89fd-cbabd0620e42', '264acef9-5ac0-4311-95ba-a93a3087c41d', '7f639995-68b2-441e-85b9-c73e9d668710', 10, 2792.06) ON CONFLICT (id) DO NOTHING;
INSERT INTO public.order_items (id, order_id, product_id, quantity, unit_price) VALUES ('d0af667b-2477-4fcd-8465-fd1b168352de', '264acef9-5ac0-4311-95ba-a93a3087c41d', 'a60ba69d-845a-4496-8a9e-7407ef5d0df8', 8, 9807.88) ON CONFLICT (id) DO NOTHING;
INSERT INTO public.order_items (id, order_id, product_id, quantity, unit_price) VALUES ('dbbf7694-0d03-433e-82bb-76a7ac4662c8', '264acef9-5ac0-4311-95ba-a93a3087c41d', 'e1a9712c-ef94-4a08-ad16-c256e8aff469', 6, 8898.1) ON CONFLICT (id) DO NOTHING;
INSERT INTO public.order_items (id, order_id, product_id, quantity, unit_price) VALUES ('80ba8c82-0e40-4c00-8689-6884ccc6817b', 'b00d45d6-713f-4dec-bb25-6f2610edbdda', '79b0af7d-9b62-498f-9fbe-548b676eecb8', 3, 2414.14) ON CONFLICT (id) DO NOTHING;

-- Seed complete. Refresh your dashboard!
