-- MetricFlow Seed Data
-- Generated by seed_data.py

-- USER PROFILES
INSERT INTO public.user_profiles (id, email, full_name, role) VALUES ('6f6eaf39-4fae-4d82-9c9e-5edaf0065da5', 'admin@metricflow.com', 'Admin User', 'admin') ON CONFLICT (id) DO NOTHING;

-- PRODUCTS
INSERT INTO public.products (id, name, sku, category, unit_price, stock_qty, is_active) VALUES ('92863bcc-cb21-46f0-8e04-8b1879990285', 'ERP Suite Pro', 'SW-001', 'software', 14999, 163, true);
INSERT INTO public.products (id, name, sku, category, unit_price, stock_qty, is_active) VALUES ('4bfb5ce6-8c05-46d0-91d1-b6443f92be7e', 'CRM Enterprise', 'SW-002', 'software', 8999, 28, true);
INSERT INTO public.products (id, name, sku, category, unit_price, stock_qty, is_active) VALUES ('71ec2f68-240b-41ae-8d03-fe075fe4992f', 'Data Analytics Module', 'SW-003', 'software', 4999, 6, true);
INSERT INTO public.products (id, name, sku, category, unit_price, stock_qty, is_active) VALUES ('49cd0a7d-5d7d-4286-9e5f-c792fbc2ce6d', 'API Gateway License', 'SW-004', 'software', 2999, 189, true);
INSERT INTO public.products (id, name, sku, category, unit_price, stock_qty, is_active) VALUES ('a554a5fa-39ab-4479-98d2-ebe67cfa7ba0', 'Server Rack 2U', 'HW-001', 'hardware', 3500, 70, true);
INSERT INTO public.products (id, name, sku, category, unit_price, stock_qty, is_active) VALUES ('78475373-fa8b-4fa0-a7a5-f0ec832a7870', 'NAS Storage 40TB', 'HW-002', 'hardware', 5200, 62, true);
INSERT INTO public.products (id, name, sku, category, unit_price, stock_qty, is_active) VALUES ('b77c0f96-4f6b-4668-b4ae-7cff67078c72', 'Network Switch 48p', 'HW-003', 'hardware', 1800, 57, true);
INSERT INTO public.products (id, name, sku, category, unit_price, stock_qty, is_active) VALUES ('af906e4b-251b-4c5b-a7cb-8bcf1dfbcbbb', 'Laptop Fleet (10x)', 'HW-004', 'hardware', 12000, 35, true);
INSERT INTO public.products (id, name, sku, category, unit_price, stock_qty, is_active) VALUES ('43371b46-065c-4245-9494-218928edcc4c', 'Implementation Service', 'SV-001', 'services', 6000, 188, true);
INSERT INTO public.products (id, name, sku, category, unit_price, stock_qty, is_active) VALUES ('3ac38308-8406-4177-8a9c-e079c19052e1', 'Data Migration', 'SV-002', 'services', 4500, 26, true);
INSERT INTO public.products (id, name, sku, category, unit_price, stock_qty, is_active) VALUES ('42f3f433-6473-427b-9a86-2022053c1e81', 'System Integration', 'SV-003', 'services', 8000, 173, true);
INSERT INTO public.products (id, name, sku, category, unit_price, stock_qty, is_active) VALUES ('8c44439a-93bd-4e1c-a07f-09c2ea59e3a1', 'Cloud Setup', 'SV-004', 'services', 3000, 189, true);
INSERT INTO public.products (id, name, sku, category, unit_price, stock_qty, is_active) VALUES ('2c1d76b4-2ad6-4858-a88b-b5b6d878abfb', 'Strategy Consulting', 'CO-001', 'consulting', 9000, 139, true);
INSERT INTO public.products (id, name, sku, category, unit_price, stock_qty, is_active) VALUES ('30f4d5a6-d401-4e7b-9641-ba29f6f10e40', 'Digital Transform.', 'CO-002', 'consulting', 15000, 22, true);
INSERT INTO public.products (id, name, sku, category, unit_price, stock_qty, is_active) VALUES ('1d088021-cfce-47b2-903d-260ec53441fd', 'Process Audit', 'CO-003', 'consulting', 5500, 151, true);
INSERT INTO public.products (id, name, sku, category, unit_price, stock_qty, is_active) VALUES ('4dfa4c40-1ac8-4c37-8320-3bd7aa2e499f', '24/7 Support Gold', 'SP-001', 'support', 3600, 108, true);
INSERT INTO public.products (id, name, sku, category, unit_price, stock_qty, is_active) VALUES ('265f1af6-1628-4367-a804-2fa9fc8d2309', 'Support Silver', 'SP-002', 'support', 1800, 8, true);
INSERT INTO public.products (id, name, sku, category, unit_price, stock_qty, is_active) VALUES ('57c4ea2f-5cf5-4914-bc04-e1b910bc000f', 'SLA Enterprise', 'SP-003', 'support', 7200, 7, true);
INSERT INTO public.products (id, name, sku, category, unit_price, stock_qty, is_active) VALUES ('42b4f716-bda2-4994-b59b-290e3ef4f01d', 'Training Package', 'SP-004', 'support', 2400, 23, true);
INSERT INTO public.products (id, name, sku, category, unit_price, stock_qty, is_active) VALUES ('a30b84f8-ce73-4833-a08c-56ccc24bd422', 'Security Audit', 'SP-005', 'support', 4800, 55, true);

-- COMPANIES
INSERT INTO public.companies (id, name, industry, country, city, tier, annual_revenue, employee_count, created_by) VALUES ('6c670db6-7574-4f75-8fa8-5d82eee2978f', 'Stănescu Gheorghiu OC1', 'Technology', 'Hungary', 'Otopeni', 'smb', 260870, 36, '6f6eaf39-4fae-4d82-9c9e-5edaf0065da5');
INSERT INTO public.companies (id, name, industry, country, city, tier, annual_revenue, employee_count, created_by) VALUES ('30ce1cc4-f3ff-4a54-b664-9fc94c885bb6', 'Pop Mazilescu LOC', 'Manufacturing', 'Germany', 'Sangeorgiu de Mures', 'smb', 61313, 37, '6f6eaf39-4fae-4d82-9c9e-5edaf0065da5');
INSERT INTO public.companies (id, name, industry, country, city, tier, annual_revenue, employee_count, created_by) VALUES ('2353438b-1ba2-4947-bb47-5516c4397f71', 'Tudor AFJ', 'Finance', 'Bulgaria', 'Gheorgheni', 'smb', 349588, 41, '6f6eaf39-4fae-4d82-9c9e-5edaf0065da5');
INSERT INTO public.companies (id, name, industry, country, city, tier, annual_revenue, employee_count, created_by) VALUES ('9d647daf-b19c-4250-8ffe-df440b0193d3', 'Niță', 'Logistics', 'France', 'Radauti', 'mid_market', 1713033, 55, '6f6eaf39-4fae-4d82-9c9e-5edaf0065da5');
INSERT INTO public.companies (id, name, industry, country, city, tier, annual_revenue, employee_count, created_by) VALUES ('3cad89e0-5a3a-4046-bb9c-ff21c87c0007', 'Diaconu', 'Technology', 'Hungary', 'Sabaoani', 'smb', 139484, 20, '6f6eaf39-4fae-4d82-9c9e-5edaf0065da5');
INSERT INTO public.companies (id, name, industry, country, city, tier, annual_revenue, employee_count, created_by) VALUES ('29362ca6-ff0e-4b21-a231-4fee911ef1e7', 'Nistor Pop SCA', 'Manufacturing', 'Bulgaria', 'Buhusi', 'mid_market', 2052791, 71, '6f6eaf39-4fae-4d82-9c9e-5edaf0065da5');
INSERT INTO public.companies (id, name, industry, country, city, tier, annual_revenue, employee_count, created_by) VALUES ('c3d5e7b0-7954-4397-80f6-9b471b0b3689', 'Dinu SCS', 'Energy', 'Romania', 'Covasna', 'smb', 257717, 42, '6f6eaf39-4fae-4d82-9c9e-5edaf0065da5');
INSERT INTO public.companies (id, name, industry, country, city, tier, annual_revenue, employee_count, created_by) VALUES ('6dcbcc52-227c-4c8a-8c32-10eea4588840', 'Diaconu AFJ', 'Logistics', 'Romania', 'Marasesti', 'enterprise', 25342424, 3110, '6f6eaf39-4fae-4d82-9c9e-5edaf0065da5');
INSERT INTO public.companies (id, name, industry, country, city, tier, annual_revenue, employee_count, created_by) VALUES ('b99cb42a-4bce-47b9-9c8c-6428cb1f8489', 'Manole Florea SCS', 'Healthcare', 'Hungary', 'Comanesti', 'mid_market', 2339572, 56, '6f6eaf39-4fae-4d82-9c9e-5edaf0065da5');
INSERT INTO public.companies (id, name, industry, country, city, tier, annual_revenue, employee_count, created_by) VALUES ('e9672bad-9f45-4e6e-8df1-35024a3fff2f', 'Stoica Nistor PFA', 'Real Estate', 'Hungary', 'Avrig', 'enterprise', 11984920, 4575, '6f6eaf39-4fae-4d82-9c9e-5edaf0065da5');
INSERT INTO public.companies (id, name, industry, country, city, tier, annual_revenue, employee_count, created_by) VALUES ('8f4b4ab7-2b78-4b8b-8821-608ed6da9f24', 'Tabacu Stănescu URL', 'Healthcare', 'Romania', 'Odorheiu Secuiesc', 'enterprise', 31521757, 3308, '6f6eaf39-4fae-4d82-9c9e-5edaf0065da5');
INSERT INTO public.companies (id, name, industry, country, city, tier, annual_revenue, employee_count, created_by) VALUES ('20bb7923-a36e-45f7-bd1f-77cc175552bf', 'Cristea', 'Finance', 'Hungary', 'Baciu', 'enterprise', 46681767, 4762, '6f6eaf39-4fae-4d82-9c9e-5edaf0065da5');
INSERT INTO public.companies (id, name, industry, country, city, tier, annual_revenue, employee_count, created_by) VALUES ('d7a3931d-5836-49b1-a82c-bacb12f9898e', 'Cristea ASF', 'Healthcare', 'Hungary', 'Mangalia', 'smb', 190017, 5, '6f6eaf39-4fae-4d82-9c9e-5edaf0065da5');
INSERT INTO public.companies (id, name, industry, country, city, tier, annual_revenue, employee_count, created_by) VALUES ('7fedb6a0-8037-4702-8af6-716eb24de9bd', 'Diaconescu LOC', 'Healthcare', 'Bulgaria', 'Victoria', 'smb', 36829, 22, '6f6eaf39-4fae-4d82-9c9e-5edaf0065da5');
INSERT INTO public.companies (id, name, industry, country, city, tier, annual_revenue, employee_count, created_by) VALUES ('57cfda29-245d-4d67-ae75-f8e197b43128', 'Mocanu Dinu OC2', 'Energy', 'Romania', 'Hateg', 'mid_market', 655230, 128, '6f6eaf39-4fae-4d82-9c9e-5edaf0065da5');
INSERT INTO public.companies (id, name, industry, country, city, tier, annual_revenue, employee_count, created_by) VALUES ('f6d255fd-f7ad-43a3-b9d6-a4b20492ac9f', 'Florea Albu URL', 'Real Estate', 'Hungary', 'Cajvana', 'mid_market', 2739709, 128, '6f6eaf39-4fae-4d82-9c9e-5edaf0065da5');
INSERT INTO public.companies (id, name, industry, country, city, tier, annual_revenue, employee_count, created_by) VALUES ('156a0dfe-0728-440e-a3e9-a35189ecd064', 'Manole OC3', 'Consulting', 'Germany', 'Santana', 'smb', 483828, 43, '6f6eaf39-4fae-4d82-9c9e-5edaf0065da5');
INSERT INTO public.companies (id, name, industry, country, city, tier, annual_revenue, employee_count, created_by) VALUES ('68770467-70af-4075-8bff-6f1bec792165', 'Ene SCA', 'Consulting', 'Romania', 'Chisineu-Cris', 'mid_market', 2321975, 91, '6f6eaf39-4fae-4d82-9c9e-5edaf0065da5');
INSERT INTO public.companies (id, name, industry, country, city, tier, annual_revenue, employee_count, created_by) VALUES ('01581be8-82bd-4b15-b2e8-280f0575a338', 'Ardelean SNC', 'Healthcare', 'Hungary', 'Bailesti', 'mid_market', 4809097, 295, '6f6eaf39-4fae-4d82-9c9e-5edaf0065da5');
INSERT INTO public.companies (id, name, industry, country, city, tier, annual_revenue, employee_count, created_by) VALUES ('50621ad3-4f90-437b-938c-3b663b8dcc30', 'Aanei ASF', 'Finance', 'Hungary', 'Satu Mare', 'smb', 326491, 29, '6f6eaf39-4fae-4d82-9c9e-5edaf0065da5');
INSERT INTO public.companies (id, name, industry, country, city, tier, annual_revenue, employee_count, created_by) VALUES ('35ec5413-93d1-4c47-80f6-315f925771b7', 'Stănescu Georgescu OC2', 'Real Estate', 'Germany', 'Cobadin', 'mid_market', 3136646, 132, '6f6eaf39-4fae-4d82-9c9e-5edaf0065da5');
INSERT INTO public.companies (id, name, industry, country, city, tier, annual_revenue, employee_count, created_by) VALUES ('c10f010e-01e6-4dd9-90bb-49af966889be', 'Cristea Aanei CRL', 'Retail', 'France', 'Savinesti', 'smb', 278744, 7, '6f6eaf39-4fae-4d82-9c9e-5edaf0065da5');
INSERT INTO public.companies (id, name, industry, country, city, tier, annual_revenue, employee_count, created_by) VALUES ('d6b232e2-fb67-46f5-8e86-2f477791b9f9', 'Oprea RA', 'Technology', 'Bulgaria', 'Aiud', 'smb', 77487, 11, '6f6eaf39-4fae-4d82-9c9e-5edaf0065da5');
INSERT INTO public.companies (id, name, industry, country, city, tier, annual_revenue, employee_count, created_by) VALUES ('1254393b-d929-432b-af7a-6e1f8f7bba5a', 'Stan CRL', 'Retail', 'Bulgaria', 'Rasinari', 'smb', 376768, 29, '6f6eaf39-4fae-4d82-9c9e-5edaf0065da5');
INSERT INTO public.companies (id, name, industry, country, city, tier, annual_revenue, employee_count, created_by) VALUES ('cdd98fa5-a371-4d3f-9552-05e2e659b8b6', 'Toma Dima RA', 'Real Estate', 'Romania', 'Diosig', 'mid_market', 3327662, 215, '6f6eaf39-4fae-4d82-9c9e-5edaf0065da5');
INSERT INTO public.companies (id, name, industry, country, city, tier, annual_revenue, employee_count, created_by) VALUES ('9abba7f3-c244-495d-bdad-997a5ec81d0f', 'Voinea Aanei OC3', 'Real Estate', 'Germany', 'Jibou', 'smb', 297408, 18, '6f6eaf39-4fae-4d82-9c9e-5edaf0065da5');
INSERT INTO public.companies (id, name, industry, country, city, tier, annual_revenue, employee_count, created_by) VALUES ('125218a5-9b37-4b15-a216-4f9e2185896b', 'Dima', 'Education', 'Bulgaria', 'Hateg', 'enterprise', 1270478, 1138, '6f6eaf39-4fae-4d82-9c9e-5edaf0065da5');
INSERT INTO public.companies (id, name, industry, country, city, tier, annual_revenue, employee_count, created_by) VALUES ('0be19f35-a75d-4e52-82c1-19bc30013137', 'Ardelean Oprea URL', 'Education', 'Bulgaria', 'Oituz', 'smb', 159893, 43, '6f6eaf39-4fae-4d82-9c9e-5edaf0065da5');
INSERT INTO public.companies (id, name, industry, country, city, tier, annual_revenue, employee_count, created_by) VALUES ('ede8a825-fb81-498a-8414-f63ac884f844', 'Mocanu OC2', 'Logistics', 'Romania', 'Saveni', 'smb', 173878, 29, '6f6eaf39-4fae-4d82-9c9e-5edaf0065da5');
INSERT INTO public.companies (id, name, industry, country, city, tier, annual_revenue, employee_count, created_by) VALUES ('95087957-4530-40c4-9ebf-32652249e435', 'Mazilescu Diaconu SPI', 'Retail', 'Germany', 'Pipera (Voluntari)', 'mid_market', 127223, 154, '6f6eaf39-4fae-4d82-9c9e-5edaf0065da5');

-- CONTACTS
INSERT INTO public.contacts (id, company_id, full_name, email, phone, job_title, is_primary) VALUES ('da1fe381-79c7-46d2-b8c4-29529197b008', '156a0dfe-0728-440e-a3e9-a35189ecd064', 'Renata Nistor', 'ctomescu@example.com', '0241 245 434', 'CTO', false);
INSERT INTO public.contacts (id, company_id, full_name, email, phone, job_title, is_primary) VALUES ('5cc37274-2ac5-411c-a011-d5cf5c3041d5', '9d647daf-b19c-4250-8ffe-df440b0193d3', 'Petru Preda', 'aurelmocanu@example.com', '0265 931 128', 'Procurement Manager', false);
INSERT INTO public.contacts (id, company_id, full_name, email, phone, job_title, is_primary) VALUES ('8052549a-a9ec-4a74-9767-617ea0cafbf7', '156a0dfe-0728-440e-a3e9-a35189ecd064', 'Valeria Preda', 'xdiaconu@example.org', '0738 070 293', 'VP Sales', true);
INSERT INTO public.contacts (id, company_id, full_name, email, phone, job_title, is_primary) VALUES ('e55ded54-8288-4fdf-93b4-1510d611981a', 'cdd98fa5-a371-4d3f-9552-05e2e659b8b6', 'Roza Stănescu', 'edinu@example.com', '021 198 6268', 'CTO', false);
INSERT INTO public.contacts (id, company_id, full_name, email, phone, job_title, is_primary) VALUES ('d9cf1d62-1955-41f1-84fd-4acc4226a168', 'cdd98fa5-a371-4d3f-9552-05e2e659b8b6', 'Didina Dumitrescu', 'opreafloare@example.org', '0739 072 105', 'CEO', false);
INSERT INTO public.contacts (id, company_id, full_name, email, phone, job_title, is_primary) VALUES ('5b113341-06d6-4e35-b84e-9b320f13ed6d', 'f6d255fd-f7ad-43a3-b9d6-a4b20492ac9f', 'Narcisa Tudor', 'tudosiadiaconu@example.com', '0735 233 399', 'CEO', true);
INSERT INTO public.contacts (id, company_id, full_name, email, phone, job_title, is_primary) VALUES ('e427fbbc-4b13-4b0c-94a5-6299f173c3ca', '20bb7923-a36e-45f7-bd1f-77cc175552bf', 'Livia Voinea', 'dobreliliana@example.net', '0727 989 722', 'Procurement Manager', true);
INSERT INTO public.contacts (id, company_id, full_name, email, phone, job_title, is_primary) VALUES ('6259d0d7-923c-47a8-9d38-a214eeae7183', '6dcbcc52-227c-4c8a-8c32-10eea4588840', 'Mioara Mazilescu', 'sperantaeftimie@example.net', '0247 036 030', 'CFO', true);
INSERT INTO public.contacts (id, company_id, full_name, email, phone, job_title, is_primary) VALUES ('814dc0aa-fe73-4287-a31e-0d82231a57c2', 'f6d255fd-f7ad-43a3-b9d6-a4b20492ac9f', 'Elodia Diaconescu', 'faanei@example.net', '0780 843 755', 'CFO', false);
INSERT INTO public.contacts (id, company_id, full_name, email, phone, job_title, is_primary) VALUES ('9aced7af-6852-4bdf-bdef-58255ff99287', '68770467-70af-4075-8bff-6f1bec792165', 'Cerasela Suciu', 'znistor@example.com', '0239 794 013', 'CTO', true);
INSERT INTO public.contacts (id, company_id, full_name, email, phone, job_title, is_primary) VALUES ('f1c40a25-e384-4a67-a5c0-ff61459e552f', 'f6d255fd-f7ad-43a3-b9d6-a4b20492ac9f', 'Nora Ioniță', 'marioaraardelean@example.com', '0720 692 219', 'CTO', true);
INSERT INTO public.contacts (id, company_id, full_name, email, phone, job_title, is_primary) VALUES ('37b145c0-3013-4d73-8472-eface3545f80', '0be19f35-a75d-4e52-82c1-19bc30013137', 'Aneta Ardelean', 'evelina62@example.com', '0735 115 405', 'Operations Manager', false);
INSERT INTO public.contacts (id, company_id, full_name, email, phone, job_title, is_primary) VALUES ('d15b0f14-324e-4010-afab-8085e0ca7b0a', '95087957-4530-40c4-9ebf-32652249e435', 'Frederic Tomescu', 'dobreoctaviu@example.net', '0750 597 162', 'VP Sales', false);
INSERT INTO public.contacts (id, company_id, full_name, email, phone, job_title, is_primary) VALUES ('943c118c-7325-40d8-aed8-20f48ae439da', 'd7a3931d-5836-49b1-a82c-bacb12f9898e', 'Nicolaie Tudor', 'epreda@example.org', '0784 851 705', 'IT Director', false);
INSERT INTO public.contacts (id, company_id, full_name, email, phone, job_title, is_primary) VALUES ('5ac3899d-abb3-4c78-aa8c-0786b7fde797', '156a0dfe-0728-440e-a3e9-a35189ecd064', 'Veniamin Dochioiu', 'fdobre@example.org', '0723 943 945', 'Account Manager', true);
INSERT INTO public.contacts (id, company_id, full_name, email, phone, job_title, is_primary) VALUES ('e96deacd-0521-44af-a314-253c352b31e6', '6dcbcc52-227c-4c8a-8c32-10eea4588840', 'Sanda Nistor', 'adiaconescu@example.org', '0244 028 866', 'CFO', false);
INSERT INTO public.contacts (id, company_id, full_name, email, phone, job_title, is_primary) VALUES ('887172d3-e8c9-4b1b-a430-db20ce59e475', '01581be8-82bd-4b15-b2e8-280f0575a338', 'Teona Suciu', 'cristobal19@example.com', '0764 069 298', 'VP Sales', false);
INSERT INTO public.contacts (id, company_id, full_name, email, phone, job_title, is_primary) VALUES ('6a14dbdc-b374-4803-bcfa-b64c5aa1b823', '6c670db6-7574-4f75-8fa8-5d82eee2978f', 'Marinela Tabacu', 'fpuscasu@example.com', '0267 662 082', 'CFO', false);
INSERT INTO public.contacts (id, company_id, full_name, email, phone, job_title, is_primary) VALUES ('4f4684eb-d653-4bf1-9a62-a90c1e939b64', '30ce1cc4-f3ff-4a54-b664-9fc94c885bb6', 'Speranța Popescu', 'unemes@example.com', '0246 817 515', 'VP Sales', true);
INSERT INTO public.contacts (id, company_id, full_name, email, phone, job_title, is_primary) VALUES ('4997b723-fe65-4ad3-a119-4ff504026d39', '30ce1cc4-f3ff-4a54-b664-9fc94c885bb6', 'Denisa Nistor', 'cristeatraian@example.org', '0254 463 719', 'IT Director', true);
INSERT INTO public.contacts (id, company_id, full_name, email, phone, job_title, is_primary) VALUES ('69c18fcd-0a3e-4cb2-bba9-36c6da16597d', '6dcbcc52-227c-4c8a-8c32-10eea4588840', 'Rica Cristea', 'mdima@example.org', '0764 803 315', 'Procurement Manager', false);
INSERT INTO public.contacts (id, company_id, full_name, email, phone, job_title, is_primary) VALUES ('d0a10fb8-05a0-49de-b255-e2b4c3d9540f', 'c3d5e7b0-7954-4397-80f6-9b471b0b3689', 'Rica Dumitrescu', 'uababei@example.org', '0764 027 583', 'CTO', false);
INSERT INTO public.contacts (id, company_id, full_name, email, phone, job_title, is_primary) VALUES ('5fb85ff1-55aa-45b1-af2b-c927fce9394c', 'ede8a825-fb81-498a-8414-f63ac884f844', 'Miruna Nistor', 'bababei@example.net', '0248 032 298', 'Account Manager', true);
INSERT INTO public.contacts (id, company_id, full_name, email, phone, job_title, is_primary) VALUES ('dca363e9-d406-4402-89f9-cba0a7629194', 'f6d255fd-f7ad-43a3-b9d6-a4b20492ac9f', 'Daciana Stoica', 'voichita28@example.net', '0751 415 182', 'Operations Manager', true);
INSERT INTO public.contacts (id, company_id, full_name, email, phone, job_title, is_primary) VALUES ('8cbdaf8c-a7ab-4eb8-b759-120fafdd2a58', '9d647daf-b19c-4250-8ffe-df440b0193d3', 'Axinte Voinea', 'atoma@example.org', '0765 043 631', 'Operations Manager', false);
INSERT INTO public.contacts (id, company_id, full_name, email, phone, job_title, is_primary) VALUES ('0213dd70-1872-4161-94ab-c98e2967e9b5', '7fedb6a0-8037-4702-8af6-716eb24de9bd', 'Octavian Eftimie', 'tabacuanica@example.net', '0750 235 376', 'Account Manager', false);
INSERT INTO public.contacts (id, company_id, full_name, email, phone, job_title, is_primary) VALUES ('cee7fb27-65c1-4739-abfd-296ead8f7fe0', '30ce1cc4-f3ff-4a54-b664-9fc94c885bb6', 'Darius Dinu', 'dinubeniamin@example.net', '0768 095 422', 'CFO', true);
INSERT INTO public.contacts (id, company_id, full_name, email, phone, job_title, is_primary) VALUES ('8bb933cb-7cf0-4edc-b229-96d7fa667e4f', '1254393b-d929-432b-af7a-6e1f8f7bba5a', 'Lazăr Oprea', 'kstancu@example.org', '0738 332 225', 'IT Director', false);
INSERT INTO public.contacts (id, company_id, full_name, email, phone, job_title, is_primary) VALUES ('74333128-a3c5-4795-8457-17ab764027f6', '9d647daf-b19c-4250-8ffe-df440b0193d3', 'Șerban Stănescu', 'nstoica@example.net', '0267 288 263', 'VP Sales', true);
INSERT INTO public.contacts (id, company_id, full_name, email, phone, job_title, is_primary) VALUES ('8deb8036-cf52-4f6d-86c4-85054fcc0382', '68770467-70af-4075-8bff-6f1bec792165', 'Adonis Stancu', 'ovidiudima@example.net', '0757 123 095', 'Account Manager', true);
INSERT INTO public.contacts (id, company_id, full_name, email, phone, job_title, is_primary) VALUES ('98dfba71-2ece-4888-ab2a-e4dfe2f0ebd4', '29362ca6-ff0e-4b21-a231-4fee911ef1e7', 'Suzana Dochioiu', 'vladoprea@example.org', '0257 111 017', 'Procurement Manager', false);
INSERT INTO public.contacts (id, company_id, full_name, email, phone, job_title, is_primary) VALUES ('3363e4e6-cc1b-40e0-aed2-2b89a8c20047', '0be19f35-a75d-4e52-82c1-19bc30013137', 'Anton Dochioiu', 'qdinu@example.org', '0263 608 387', 'CFO', false);
INSERT INTO public.contacts (id, company_id, full_name, email, phone, job_title, is_primary) VALUES ('2bc523ca-5a42-42e7-9f1c-4e7a8b7f3ea1', '0be19f35-a75d-4e52-82c1-19bc30013137', 'Costin Ionescu', 'dgheorghiu@example.com', '0772 956 059', 'CFO', true);
INSERT INTO public.contacts (id, company_id, full_name, email, phone, job_title, is_primary) VALUES ('07bd7bd8-f50a-4bc8-9fd9-f1ea12eea945', '68770467-70af-4075-8bff-6f1bec792165', 'Iasmina Mazilescu', 'nistorcorvin@example.com', '0745 640 580', 'CEO', false);
INSERT INTO public.contacts (id, company_id, full_name, email, phone, job_title, is_primary) VALUES ('24001a2b-3905-4ffd-8b56-4f163c68882d', '95087957-4530-40c4-9ebf-32652249e435', 'Paula Mocanu', 'betinapopescu@example.org', '0734 468 408', 'VP Sales', true);
INSERT INTO public.contacts (id, company_id, full_name, email, phone, job_title, is_primary) VALUES ('0cc35da9-c000-411d-96e7-6eca4838a1ce', 'f6d255fd-f7ad-43a3-b9d6-a4b20492ac9f', 'Eleonora Nistor', 'diaconustan@example.com', '0243 731 621', 'Account Manager', true);
INSERT INTO public.contacts (id, company_id, full_name, email, phone, job_title, is_primary) VALUES ('b25faec7-6a50-495b-a24c-b6a4b5b89843', 'd7a3931d-5836-49b1-a82c-bacb12f9898e', 'Tudora Ionescu', 'luca30@example.org', '0751 960 962', 'CEO', true);
INSERT INTO public.contacts (id, company_id, full_name, email, phone, job_title, is_primary) VALUES ('705cb4c2-5aef-4b01-9be6-53eed10866cb', '6c670db6-7574-4f75-8fa8-5d82eee2978f', 'Giorgian Stan', 'rafilabarbu@example.com', '0739 124 990', 'Operations Manager', true);
INSERT INTO public.contacts (id, company_id, full_name, email, phone, job_title, is_primary) VALUES ('0ae8eec2-0937-4920-a0c3-d7039ab04175', '9abba7f3-c244-495d-bdad-997a5ec81d0f', 'Amelia Stănescu', 'teodosia56@example.org', '0766 073 379', 'Account Manager', true);
INSERT INTO public.contacts (id, company_id, full_name, email, phone, job_title, is_primary) VALUES ('60bee3e2-d0f2-4124-becb-727db2e0fbd5', 'd6b232e2-fb67-46f5-8e86-2f477791b9f9', 'Betina Stan', 'qdiaconu@example.com', '0741 094 514', 'Account Manager', true);
INSERT INTO public.contacts (id, company_id, full_name, email, phone, job_title, is_primary) VALUES ('661501c6-7e27-44ce-8dba-c9f09a997228', 'e9672bad-9f45-4e6e-8df1-35024a3fff2f', 'Sorina Dobre', 'giorgianagheorghiu@example.net', '0785 883 967', 'VP Sales', false);
INSERT INTO public.contacts (id, company_id, full_name, email, phone, job_title, is_primary) VALUES ('d4136ac8-444f-4040-b6b2-7f32769fcf77', '01581be8-82bd-4b15-b2e8-280f0575a338', 'Larisa Dumitrescu', 'madalinmazilescu@example.net', '0753 771 596', 'CEO', false);
INSERT INTO public.contacts (id, company_id, full_name, email, phone, job_title, is_primary) VALUES ('0416cef1-c806-4fab-baa9-536f72f807e5', '30ce1cc4-f3ff-4a54-b664-9fc94c885bb6', 'Gabriel Ababei', 'eftimiepompilia@example.net', '0237 348 633', 'CEO', false);
INSERT INTO public.contacts (id, company_id, full_name, email, phone, job_title, is_primary) VALUES ('6f7c2f05-64a3-46a6-b352-6d5d3609b1fc', '156a0dfe-0728-440e-a3e9-a35189ecd064', 'Melania Stoica', 'naealbu@example.com', '0258 523 882', 'CTO', true);
INSERT INTO public.contacts (id, company_id, full_name, email, phone, job_title, is_primary) VALUES ('2283a0ac-62f7-4e28-87b2-9d894eb62390', '156a0dfe-0728-440e-a3e9-a35189ecd064', 'Savina Preda', 'dariamanole@example.net', '0257 172 328', 'CFO', false);
INSERT INTO public.contacts (id, company_id, full_name, email, phone, job_title, is_primary) VALUES ('9f899bf6-b6e3-440e-8107-3b4aa4846f66', '2353438b-1ba2-4947-bb47-5516c4397f71', 'Aleodor Stancu', 'anemonastancu@example.net', '0256 644 271', 'CFO', false);
INSERT INTO public.contacts (id, company_id, full_name, email, phone, job_title, is_primary) VALUES ('6432ebcf-08b2-4710-960b-ad0da0baa298', '6dcbcc52-227c-4c8a-8c32-10eea4588840', 'Octavia Barbu', 'albutiberia@example.com', '0269 987 139', 'Operations Manager', true);
INSERT INTO public.contacts (id, company_id, full_name, email, phone, job_title, is_primary) VALUES ('96418993-4e15-4797-915e-aa8f6011270b', 'ede8a825-fb81-498a-8414-f63ac884f844', 'Anișoara Pușcașu', 'stanescufabia@example.com', '0246 875 680', 'VP Sales', false);
INSERT INTO public.contacts (id, company_id, full_name, email, phone, job_title, is_primary) VALUES ('c502fc53-6471-4c52-9ad2-9368f8193924', '30ce1cc4-f3ff-4a54-b664-9fc94c885bb6', 'Ianis Popescu', 'silvianatabacu@example.com', '0260 924 481', 'CFO', false);
INSERT INTO public.contacts (id, company_id, full_name, email, phone, job_title, is_primary) VALUES ('1a82290a-8d79-4d51-89bf-5e8ce593f375', '01581be8-82bd-4b15-b2e8-280f0575a338', 'Ștefana Aanei', 'banelpuscasu@example.org', '0756 059 858', 'IT Director', false);
INSERT INTO public.contacts (id, company_id, full_name, email, phone, job_title, is_primary) VALUES ('de3a95f9-ebcf-47a8-b782-b80356fd17d8', 'c3d5e7b0-7954-4397-80f6-9b471b0b3689', 'Marcel Ioniță', 'qvoinea@example.com', '0250 406 859', 'IT Director', true);
INSERT INTO public.contacts (id, company_id, full_name, email, phone, job_title, is_primary) VALUES ('edbd8a01-54f2-4efd-a0db-97a74fe0d8e2', 'd7a3931d-5836-49b1-a82c-bacb12f9898e', 'Axinte Ionescu', 'imanole@example.org', '0255 035 739', 'CTO', false);
INSERT INTO public.contacts (id, company_id, full_name, email, phone, job_title, is_primary) VALUES ('dec35b52-5f19-42bd-9064-d9ce91cfb7a2', 'e9672bad-9f45-4e6e-8df1-35024a3fff2f', 'Jasmina Dobre', 'ediaconescu@example.org', '0761 985 297', 'Account Manager', false);
INSERT INTO public.contacts (id, company_id, full_name, email, phone, job_title, is_primary) VALUES ('e70e352b-7f4d-49d8-9bf4-36e1e6ccc686', 'cdd98fa5-a371-4d3f-9552-05e2e659b8b6', 'Voicu Popa', 'marcelapuscasu@example.com', '0231 101 895', 'CFO', true);
INSERT INTO public.contacts (id, company_id, full_name, email, phone, job_title, is_primary) VALUES ('d07acb1f-5b02-4871-a990-b1e8545e567f', '50621ad3-4f90-437b-938c-3b663b8dcc30', 'Floare Stănescu', 'cedrin78@example.net', '0746 453 754', 'CFO', true);
INSERT INTO public.contacts (id, company_id, full_name, email, phone, job_title, is_primary) VALUES ('07b23ae1-4cea-4748-9c35-d8615008bdbd', 'c3d5e7b0-7954-4397-80f6-9b471b0b3689', 'Varvara Preda', 'diaconescuruxanda@example.net', '0248 607 320', 'Procurement Manager', true);
INSERT INTO public.contacts (id, company_id, full_name, email, phone, job_title, is_primary) VALUES ('354562da-727e-4b3b-9b43-4d136c831e94', '20bb7923-a36e-45f7-bd1f-77cc175552bf', 'Bogdana Dobre', 'silviu64@example.net', '0254 736 724', 'CFO', false);
INSERT INTO public.contacts (id, company_id, full_name, email, phone, job_title, is_primary) VALUES ('77542208-d95d-44b1-ab3e-24588faa5d39', '20bb7923-a36e-45f7-bd1f-77cc175552bf', 'Vlădelina Dochioiu', 'qstan@example.com', '0260 039 393', 'Procurement Manager', true);
INSERT INTO public.contacts (id, company_id, full_name, email, phone, job_title, is_primary) VALUES ('4f883513-2bec-471c-a37a-daf7dd43fba0', '125218a5-9b37-4b15-a216-4f9e2185896b', 'Ieremia Ene', 'steliangeorgescu@example.net', '0764 780 718', 'Procurement Manager', false);
INSERT INTO public.contacts (id, company_id, full_name, email, phone, job_title, is_primary) VALUES ('c2c4ca75-9ba4-4948-a3f8-5e939f7d1b69', '9abba7f3-c244-495d-bdad-997a5ec81d0f', 'Paula Barbu', 'bradutmazilescu@example.net', '0720 765 440', 'CEO', false);

-- ORDERS
INSERT INTO public.orders (id, order_number, company_id, assigned_to, status, order_date, expected_delivery) VALUES ('711c8bcc-8596-45cd-b790-89bd0acc053b', 'ORD-1001', '68770467-70af-4075-8bff-6f1bec792165', '6f6eaf39-4fae-4d82-9c9e-5edaf0065da5', 'confirmed', '2025-06-19', '2025-06-29');
INSERT INTO public.orders (id, order_number, company_id, assigned_to, status, order_date, expected_delivery) VALUES ('be6fecca-3d65-4b71-8692-2d5480c033db', 'ORD-1002', 'ede8a825-fb81-498a-8414-f63ac884f844', '6f6eaf39-4fae-4d82-9c9e-5edaf0065da5', 'pending', '2026-03-26', '2026-04-05');
INSERT INTO public.orders (id, order_number, company_id, assigned_to, status, order_date, expected_delivery) VALUES ('807bbedd-0f85-4eff-9902-13e813f394a2', 'ORD-1003', '1254393b-d929-432b-af7a-6e1f8f7bba5a', '6f6eaf39-4fae-4d82-9c9e-5edaf0065da5', 'shipped', '2026-01-05', '2026-01-21');
INSERT INTO public.orders (id, order_number, company_id, assigned_to, status, order_date, expected_delivery) VALUES ('b42b22eb-d0ff-493e-a8c7-163b8d5c9c44', 'ORD-1004', '50621ad3-4f90-437b-938c-3b663b8dcc30', '6f6eaf39-4fae-4d82-9c9e-5edaf0065da5', 'confirmed', '2025-11-30', '2025-12-13');
INSERT INTO public.orders (id, order_number, company_id, assigned_to, status, order_date, expected_delivery) VALUES ('7d4f86bd-042c-4e33-b9ec-811a9d62820e', 'ORD-1005', 'c10f010e-01e6-4dd9-90bb-49af966889be', '6f6eaf39-4fae-4d82-9c9e-5edaf0065da5', 'delivered', '2026-01-09', '2026-02-01');
INSERT INTO public.orders (id, order_number, company_id, assigned_to, status, order_date, expected_delivery) VALUES ('9919aad3-ac7e-4217-8e55-a617509ef9f9', 'ORD-1006', 'f6d255fd-f7ad-43a3-b9d6-a4b20492ac9f', '6f6eaf39-4fae-4d82-9c9e-5edaf0065da5', 'confirmed', '2026-04-28', '2026-05-07');
INSERT INTO public.orders (id, order_number, company_id, assigned_to, status, order_date, expected_delivery) VALUES ('ee2a7fc9-c3bf-44d3-b0a7-0b4a0e5782f9', 'ORD-1007', '35ec5413-93d1-4c47-80f6-315f925771b7', '6f6eaf39-4fae-4d82-9c9e-5edaf0065da5', 'processing', '2026-01-03', '2026-01-11');
INSERT INTO public.orders (id, order_number, company_id, assigned_to, status, order_date, expected_delivery) VALUES ('93f5b677-c992-4fed-827c-277910574f87', 'ORD-1008', '6c670db6-7574-4f75-8fa8-5d82eee2978f', '6f6eaf39-4fae-4d82-9c9e-5edaf0065da5', 'processing', '2026-03-19', '2026-04-15');
INSERT INTO public.orders (id, order_number, company_id, assigned_to, status, order_date, expected_delivery) VALUES ('8fc939cc-1d2a-4c1a-b63a-81f4d9b1d019', 'ORD-1009', 'b99cb42a-4bce-47b9-9c8c-6428cb1f8489', '6f6eaf39-4fae-4d82-9c9e-5edaf0065da5', 'confirmed', '2025-10-10', '2025-11-03');
INSERT INTO public.orders (id, order_number, company_id, assigned_to, status, order_date, expected_delivery) VALUES ('77cc2212-4c15-474b-8dcf-9235e99a7f8f', 'ORD-1010', 'd6b232e2-fb67-46f5-8e86-2f477791b9f9', '6f6eaf39-4fae-4d82-9c9e-5edaf0065da5', 'processing', '2026-05-20', '2026-05-30');
INSERT INTO public.orders (id, order_number, company_id, assigned_to, status, order_date, expected_delivery) VALUES ('36608cdc-715d-43cd-b348-6e8d3a02beb7', 'ORD-1011', '2353438b-1ba2-4947-bb47-5516c4397f71', '6f6eaf39-4fae-4d82-9c9e-5edaf0065da5', 'delivered', '2025-06-05', '2025-06-16');
INSERT INTO public.orders (id, order_number, company_id, assigned_to, status, order_date, expected_delivery) VALUES ('7c941154-95f9-4b11-836b-479fd5e71095', 'ORD-1012', '68770467-70af-4075-8bff-6f1bec792165', '6f6eaf39-4fae-4d82-9c9e-5edaf0065da5', 'draft', '2025-11-16', '2025-12-11');
INSERT INTO public.orders (id, order_number, company_id, assigned_to, status, order_date, expected_delivery) VALUES ('11c5b863-b035-4662-a694-818303d42b4d', 'ORD-1013', '68770467-70af-4075-8bff-6f1bec792165', '6f6eaf39-4fae-4d82-9c9e-5edaf0065da5', 'pending', '2026-03-20', '2026-03-28');
INSERT INTO public.orders (id, order_number, company_id, assigned_to, status, order_date, expected_delivery) VALUES ('570821a5-b5dc-47bd-a1c4-615e3ea0deb9', 'ORD-1014', 'e9672bad-9f45-4e6e-8df1-35024a3fff2f', '6f6eaf39-4fae-4d82-9c9e-5edaf0065da5', 'processing', '2026-05-04', '2026-05-22');
INSERT INTO public.orders (id, order_number, company_id, assigned_to, status, order_date, expected_delivery) VALUES ('b37e7666-46ce-4205-ad24-0f399f38f024', 'ORD-1015', 'c3d5e7b0-7954-4397-80f6-9b471b0b3689', '6f6eaf39-4fae-4d82-9c9e-5edaf0065da5', 'delivered', '2025-06-17', '2025-06-27');
INSERT INTO public.orders (id, order_number, company_id, assigned_to, status, order_date, expected_delivery) VALUES ('f07c4888-4ef3-4472-9504-7a063de31850', 'ORD-1016', '20bb7923-a36e-45f7-bd1f-77cc175552bf', '6f6eaf39-4fae-4d82-9c9e-5edaf0065da5', 'delivered', '2025-10-28', '2025-11-23');
INSERT INTO public.orders (id, order_number, company_id, assigned_to, status, order_date, expected_delivery) VALUES ('d52fec07-b6aa-4318-aeaf-1e128d5cf02e', 'ORD-1017', '1254393b-d929-432b-af7a-6e1f8f7bba5a', '6f6eaf39-4fae-4d82-9c9e-5edaf0065da5', 'confirmed', '2026-01-23', '2026-02-04');
INSERT INTO public.orders (id, order_number, company_id, assigned_to, status, order_date, expected_delivery) VALUES ('2406d552-8fe4-4558-aac7-5f4fe26f3a4b', 'ORD-1018', '9abba7f3-c244-495d-bdad-997a5ec81d0f', '6f6eaf39-4fae-4d82-9c9e-5edaf0065da5', 'delivered', '2025-10-25', '2025-11-01');
INSERT INTO public.orders (id, order_number, company_id, assigned_to, status, order_date, expected_delivery) VALUES ('0adf8277-b609-4b11-86e8-4189af141781', 'ORD-1019', '29362ca6-ff0e-4b21-a231-4fee911ef1e7', '6f6eaf39-4fae-4d82-9c9e-5edaf0065da5', 'delivered', '2025-12-05', '2025-12-25');
INSERT INTO public.orders (id, order_number, company_id, assigned_to, status, order_date, expected_delivery) VALUES ('779d76e0-b4cb-4463-9a87-55c9506a8cc1', 'ORD-1020', '9abba7f3-c244-495d-bdad-997a5ec81d0f', '6f6eaf39-4fae-4d82-9c9e-5edaf0065da5', 'delivered', '2026-01-17', '2026-02-01');
INSERT INTO public.orders (id, order_number, company_id, assigned_to, status, order_date, expected_delivery) VALUES ('84be8741-1ec7-4be0-bf4f-30d29b0362da', 'ORD-1021', '29362ca6-ff0e-4b21-a231-4fee911ef1e7', '6f6eaf39-4fae-4d82-9c9e-5edaf0065da5', 'delivered', '2026-03-30', '2026-04-18');
INSERT INTO public.orders (id, order_number, company_id, assigned_to, status, order_date, expected_delivery) VALUES ('cefc0e9a-42a7-4019-81a1-dbe882397125', 'ORD-1022', '0be19f35-a75d-4e52-82c1-19bc30013137', '6f6eaf39-4fae-4d82-9c9e-5edaf0065da5', 'draft', '2025-09-26', '2025-10-10');
INSERT INTO public.orders (id, order_number, company_id, assigned_to, status, order_date, expected_delivery) VALUES ('128aa6ec-94a8-4bff-91e7-c58645213516', 'ORD-1023', 'c3d5e7b0-7954-4397-80f6-9b471b0b3689', '6f6eaf39-4fae-4d82-9c9e-5edaf0065da5', 'delivered', '2025-10-01', '2025-10-19');
INSERT INTO public.orders (id, order_number, company_id, assigned_to, status, order_date, expected_delivery) VALUES ('11f8fc5b-c8ee-4c55-93e5-307324fa543f', 'ORD-1024', 'e9672bad-9f45-4e6e-8df1-35024a3fff2f', '6f6eaf39-4fae-4d82-9c9e-5edaf0065da5', 'delivered', '2026-01-28', '2026-02-11');
INSERT INTO public.orders (id, order_number, company_id, assigned_to, status, order_date, expected_delivery) VALUES ('2df560de-b0d4-4eb2-b667-96b4bef08547', 'ORD-1025', '6c670db6-7574-4f75-8fa8-5d82eee2978f', '6f6eaf39-4fae-4d82-9c9e-5edaf0065da5', 'delivered', '2025-11-01', '2025-11-18');
INSERT INTO public.orders (id, order_number, company_id, assigned_to, status, order_date, expected_delivery) VALUES ('d25adc67-6827-47ca-b179-bea890cc67d6', 'ORD-1026', 'b99cb42a-4bce-47b9-9c8c-6428cb1f8489', '6f6eaf39-4fae-4d82-9c9e-5edaf0065da5', 'delivered', '2026-01-02', '2026-01-20');
INSERT INTO public.orders (id, order_number, company_id, assigned_to, status, order_date, expected_delivery) VALUES ('6d0f3e00-2d11-44e8-90ba-0a1ab021c120', 'ORD-1027', '35ec5413-93d1-4c47-80f6-315f925771b7', '6f6eaf39-4fae-4d82-9c9e-5edaf0065da5', 'shipped', '2025-06-11', '2025-07-05');
INSERT INTO public.orders (id, order_number, company_id, assigned_to, status, order_date, expected_delivery) VALUES ('baff0e9e-3efa-46c0-aca8-6563d0f95872', 'ORD-1028', '8f4b4ab7-2b78-4b8b-8821-608ed6da9f24', '6f6eaf39-4fae-4d82-9c9e-5edaf0065da5', 'delivered', '2026-03-26', '2026-04-10');
INSERT INTO public.orders (id, order_number, company_id, assigned_to, status, order_date, expected_delivery) VALUES ('5fa0a5ed-b2fb-455e-9485-1317901b329f', 'ORD-1029', '29362ca6-ff0e-4b21-a231-4fee911ef1e7', '6f6eaf39-4fae-4d82-9c9e-5edaf0065da5', 'shipped', '2026-01-09', '2026-01-17');
INSERT INTO public.orders (id, order_number, company_id, assigned_to, status, order_date, expected_delivery) VALUES ('44473c7a-eb0e-45ba-b55c-e407ff6f5462', 'ORD-1030', '9d647daf-b19c-4250-8ffe-df440b0193d3', '6f6eaf39-4fae-4d82-9c9e-5edaf0065da5', 'shipped', '2025-11-29', '2025-12-29');
INSERT INTO public.orders (id, order_number, company_id, assigned_to, status, order_date, expected_delivery) VALUES ('5266f911-eb47-4bf5-8465-31827d8e86e3', 'ORD-1031', '9abba7f3-c244-495d-bdad-997a5ec81d0f', '6f6eaf39-4fae-4d82-9c9e-5edaf0065da5', 'processing', '2025-07-18', '2025-08-10');
INSERT INTO public.orders (id, order_number, company_id, assigned_to, status, order_date, expected_delivery) VALUES ('6852ca13-06b4-40af-9510-277ae77f943e', 'ORD-1032', '9d647daf-b19c-4250-8ffe-df440b0193d3', '6f6eaf39-4fae-4d82-9c9e-5edaf0065da5', 'processing', '2025-08-02', '2025-08-15');
INSERT INTO public.orders (id, order_number, company_id, assigned_to, status, order_date, expected_delivery) VALUES ('2d5b1e5e-d183-4487-9f2e-353e8cfbef39', 'ORD-1033', 'b99cb42a-4bce-47b9-9c8c-6428cb1f8489', '6f6eaf39-4fae-4d82-9c9e-5edaf0065da5', 'draft', '2025-10-13', '2025-10-20');
INSERT INTO public.orders (id, order_number, company_id, assigned_to, status, order_date, expected_delivery) VALUES ('0c2fe883-daf3-4fea-9921-f356be952935', 'ORD-1034', '156a0dfe-0728-440e-a3e9-a35189ecd064', '6f6eaf39-4fae-4d82-9c9e-5edaf0065da5', 'delivered', '2025-08-22', '2025-09-19');
INSERT INTO public.orders (id, order_number, company_id, assigned_to, status, order_date, expected_delivery) VALUES ('1fc17222-df59-4036-a398-0730f002d69c', 'ORD-1035', '1254393b-d929-432b-af7a-6e1f8f7bba5a', '6f6eaf39-4fae-4d82-9c9e-5edaf0065da5', 'delivered', '2025-06-15', '2025-06-28');
INSERT INTO public.orders (id, order_number, company_id, assigned_to, status, order_date, expected_delivery) VALUES ('a81013db-00b6-47de-91b0-eef41e0a1de9', 'ORD-1036', '20bb7923-a36e-45f7-bd1f-77cc175552bf', '6f6eaf39-4fae-4d82-9c9e-5edaf0065da5', 'processing', '2025-06-18', '2025-07-05');
INSERT INTO public.orders (id, order_number, company_id, assigned_to, status, order_date, expected_delivery) VALUES ('263ca7d6-9027-4e07-8bae-4fada0b5b017', 'ORD-1037', '50621ad3-4f90-437b-938c-3b663b8dcc30', '6f6eaf39-4fae-4d82-9c9e-5edaf0065da5', 'processing', '2026-03-22', '2026-04-21');
INSERT INTO public.orders (id, order_number, company_id, assigned_to, status, order_date, expected_delivery) VALUES ('361a9e6a-7bcd-47f9-aa47-916da380ef47', 'ORD-1038', 'ede8a825-fb81-498a-8414-f63ac884f844', '6f6eaf39-4fae-4d82-9c9e-5edaf0065da5', 'processing', '2025-12-17', '2026-01-14');
INSERT INTO public.orders (id, order_number, company_id, assigned_to, status, order_date, expected_delivery) VALUES ('b7431d33-aadb-4276-8af4-0b16a29f06d6', 'ORD-1039', '7fedb6a0-8037-4702-8af6-716eb24de9bd', '6f6eaf39-4fae-4d82-9c9e-5edaf0065da5', 'processing', '2025-06-02', '2025-06-18');
INSERT INTO public.orders (id, order_number, company_id, assigned_to, status, order_date, expected_delivery) VALUES ('bdae4288-7cae-4f9c-8786-5c1b8b91fbb5', 'ORD-1040', '68770467-70af-4075-8bff-6f1bec792165', '6f6eaf39-4fae-4d82-9c9e-5edaf0065da5', 'pending', '2025-10-21', '2025-11-18');
INSERT INTO public.orders (id, order_number, company_id, assigned_to, status, order_date, expected_delivery) VALUES ('0cd97b76-ad4a-4847-b7af-71580d3074e9', 'ORD-1041', 'd7a3931d-5836-49b1-a82c-bacb12f9898e', '6f6eaf39-4fae-4d82-9c9e-5edaf0065da5', 'delivered', '2026-02-24', '2026-03-22');
INSERT INTO public.orders (id, order_number, company_id, assigned_to, status, order_date, expected_delivery) VALUES ('61541f59-1e9f-48e4-9c65-ad259e86fdb0', 'ORD-1042', '01581be8-82bd-4b15-b2e8-280f0575a338', '6f6eaf39-4fae-4d82-9c9e-5edaf0065da5', 'processing', '2025-08-17', '2025-08-24');
INSERT INTO public.orders (id, order_number, company_id, assigned_to, status, order_date, expected_delivery) VALUES ('9ab73751-8d78-4c75-98cd-658d5485d072', 'ORD-1043', 'e9672bad-9f45-4e6e-8df1-35024a3fff2f', '6f6eaf39-4fae-4d82-9c9e-5edaf0065da5', 'confirmed', '2025-10-16', '2025-11-10');
INSERT INTO public.orders (id, order_number, company_id, assigned_to, status, order_date, expected_delivery) VALUES ('7476febe-bc14-4b86-94e8-d91190b7ab04', 'ORD-1044', '50621ad3-4f90-437b-938c-3b663b8dcc30', '6f6eaf39-4fae-4d82-9c9e-5edaf0065da5', 'delivered', '2025-09-28', '2025-10-19');
INSERT INTO public.orders (id, order_number, company_id, assigned_to, status, order_date, expected_delivery) VALUES ('3d629115-2f1e-438c-bebf-621585ce1bd9', 'ORD-1045', '57cfda29-245d-4d67-ae75-f8e197b43128', '6f6eaf39-4fae-4d82-9c9e-5edaf0065da5', 'delivered', '2025-09-05', '2025-09-27');
INSERT INTO public.orders (id, order_number, company_id, assigned_to, status, order_date, expected_delivery) VALUES ('d84d3667-c3c2-4f00-a608-ab27ec12e34d', 'ORD-1046', '9abba7f3-c244-495d-bdad-997a5ec81d0f', '6f6eaf39-4fae-4d82-9c9e-5edaf0065da5', 'delivered', '2026-02-27', '2026-03-27');
INSERT INTO public.orders (id, order_number, company_id, assigned_to, status, order_date, expected_delivery) VALUES ('34a37187-d4cf-443f-abe4-f851a2395c64', 'ORD-1047', '2353438b-1ba2-4947-bb47-5516c4397f71', '6f6eaf39-4fae-4d82-9c9e-5edaf0065da5', 'confirmed', '2025-06-19', '2025-07-16');
INSERT INTO public.orders (id, order_number, company_id, assigned_to, status, order_date, expected_delivery) VALUES ('b3315215-3543-424f-86f9-bf330eb26049', 'ORD-1048', '50621ad3-4f90-437b-938c-3b663b8dcc30', '6f6eaf39-4fae-4d82-9c9e-5edaf0065da5', 'processing', '2026-01-24', '2026-02-21');
INSERT INTO public.orders (id, order_number, company_id, assigned_to, status, order_date, expected_delivery) VALUES ('6ccb31c8-7025-4917-88fa-c1ed18a063a4', 'ORD-1049', 'e9672bad-9f45-4e6e-8df1-35024a3fff2f', '6f6eaf39-4fae-4d82-9c9e-5edaf0065da5', 'confirmed', '2026-02-12', '2026-02-23');
INSERT INTO public.orders (id, order_number, company_id, assigned_to, status, order_date, expected_delivery) VALUES ('b0ca5275-5076-4fdc-9775-c537341ce15b', 'ORD-1050', '6c670db6-7574-4f75-8fa8-5d82eee2978f', '6f6eaf39-4fae-4d82-9c9e-5edaf0065da5', 'draft', '2025-09-23', '2025-10-19');
INSERT INTO public.orders (id, order_number, company_id, assigned_to, status, order_date, expected_delivery) VALUES ('3a38b658-2554-48bd-a77f-1df0f2eb301f', 'ORD-1051', '0be19f35-a75d-4e52-82c1-19bc30013137', '6f6eaf39-4fae-4d82-9c9e-5edaf0065da5', 'delivered', '2025-10-03', '2025-10-23');
INSERT INTO public.orders (id, order_number, company_id, assigned_to, status, order_date, expected_delivery) VALUES ('5601ed7c-9c1e-4d4d-b2ef-ff80d4151c7f', 'ORD-1052', 'ede8a825-fb81-498a-8414-f63ac884f844', '6f6eaf39-4fae-4d82-9c9e-5edaf0065da5', 'delivered', '2026-02-14', '2026-03-15');
INSERT INTO public.orders (id, order_number, company_id, assigned_to, status, order_date, expected_delivery) VALUES ('4320a485-b61c-4ade-b631-672252998323', 'ORD-1053', 'd6b232e2-fb67-46f5-8e86-2f477791b9f9', '6f6eaf39-4fae-4d82-9c9e-5edaf0065da5', 'processing', '2025-11-01', '2025-11-15');
INSERT INTO public.orders (id, order_number, company_id, assigned_to, status, order_date, expected_delivery) VALUES ('b11ba157-5503-4dcd-81bd-a0ac53c72a21', 'ORD-1054', '3cad89e0-5a3a-4046-bb9c-ff21c87c0007', '6f6eaf39-4fae-4d82-9c9e-5edaf0065da5', 'delivered', '2026-05-22', '2026-06-01');
INSERT INTO public.orders (id, order_number, company_id, assigned_to, status, order_date, expected_delivery) VALUES ('d23ae30b-b4f5-464c-aa3c-f08ffe801406', 'ORD-1055', 'cdd98fa5-a371-4d3f-9552-05e2e659b8b6', '6f6eaf39-4fae-4d82-9c9e-5edaf0065da5', 'processing', '2026-02-23', '2026-03-24');
INSERT INTO public.orders (id, order_number, company_id, assigned_to, status, order_date, expected_delivery) VALUES ('27a07a05-c932-4ed5-bc9e-ef7d86a56d96', 'ORD-1056', '156a0dfe-0728-440e-a3e9-a35189ecd064', '6f6eaf39-4fae-4d82-9c9e-5edaf0065da5', 'shipped', '2025-08-12', '2025-08-26');
INSERT INTO public.orders (id, order_number, company_id, assigned_to, status, order_date, expected_delivery) VALUES ('d89e5aaa-4b62-4cb9-831e-653fc67ca2e7', 'ORD-1057', '95087957-4530-40c4-9ebf-32652249e435', '6f6eaf39-4fae-4d82-9c9e-5edaf0065da5', 'delivered', '2025-10-03', '2025-10-14');
INSERT INTO public.orders (id, order_number, company_id, assigned_to, status, order_date, expected_delivery) VALUES ('449349cc-7fa7-4b40-b50e-2c8c42479ed9', 'ORD-1058', '9abba7f3-c244-495d-bdad-997a5ec81d0f', '6f6eaf39-4fae-4d82-9c9e-5edaf0065da5', 'shipped', '2025-08-26', '2025-09-19');
INSERT INTO public.orders (id, order_number, company_id, assigned_to, status, order_date, expected_delivery) VALUES ('c708521c-1165-44f6-93cc-1a4f4996403d', 'ORD-1059', '50621ad3-4f90-437b-938c-3b663b8dcc30', '6f6eaf39-4fae-4d82-9c9e-5edaf0065da5', 'processing', '2025-10-10', '2025-11-05');
INSERT INTO public.orders (id, order_number, company_id, assigned_to, status, order_date, expected_delivery) VALUES ('1e534999-e177-4a50-99f4-fbdbf230290e', 'ORD-1060', '125218a5-9b37-4b15-a216-4f9e2185896b', '6f6eaf39-4fae-4d82-9c9e-5edaf0065da5', 'delivered', '2025-09-08', '2025-09-28');
INSERT INTO public.orders (id, order_number, company_id, assigned_to, status, order_date, expected_delivery) VALUES ('66be7630-1849-4e7a-86e8-028018776e64', 'ORD-1061', '125218a5-9b37-4b15-a216-4f9e2185896b', '6f6eaf39-4fae-4d82-9c9e-5edaf0065da5', 'delivered', '2025-10-08', '2025-10-20');
INSERT INTO public.orders (id, order_number, company_id, assigned_to, status, order_date, expected_delivery) VALUES ('c61181ff-23e9-436a-aa00-2352b257bf28', 'ORD-1062', '1254393b-d929-432b-af7a-6e1f8f7bba5a', '6f6eaf39-4fae-4d82-9c9e-5edaf0065da5', 'delivered', '2025-10-06', '2025-10-21');
INSERT INTO public.orders (id, order_number, company_id, assigned_to, status, order_date, expected_delivery) VALUES ('27e03b30-cbbc-4590-bd31-0cb09761fcd6', 'ORD-1063', 'cdd98fa5-a371-4d3f-9552-05e2e659b8b6', '6f6eaf39-4fae-4d82-9c9e-5edaf0065da5', 'confirmed', '2025-07-02', '2025-07-17');
INSERT INTO public.orders (id, order_number, company_id, assigned_to, status, order_date, expected_delivery) VALUES ('babdfa88-c7fa-4f6d-8406-efff5ab3b378', 'ORD-1064', 'cdd98fa5-a371-4d3f-9552-05e2e659b8b6', '6f6eaf39-4fae-4d82-9c9e-5edaf0065da5', 'delivered', '2025-09-18', '2025-10-15');
INSERT INTO public.orders (id, order_number, company_id, assigned_to, status, order_date, expected_delivery) VALUES ('035e4540-25cc-40c9-921a-4f93ce348c95', 'ORD-1065', '6dcbcc52-227c-4c8a-8c32-10eea4588840', '6f6eaf39-4fae-4d82-9c9e-5edaf0065da5', 'confirmed', '2026-04-15', '2026-05-14');
INSERT INTO public.orders (id, order_number, company_id, assigned_to, status, order_date, expected_delivery) VALUES ('ba9dc5e4-2748-4cb8-be56-d000b60a7de6', 'ORD-1066', 'e9672bad-9f45-4e6e-8df1-35024a3fff2f', '6f6eaf39-4fae-4d82-9c9e-5edaf0065da5', 'confirmed', '2025-12-04', '2025-12-21');
INSERT INTO public.orders (id, order_number, company_id, assigned_to, status, order_date, expected_delivery) VALUES ('b659ee37-7d7f-4c0a-894c-55f1772e8e8a', 'ORD-1067', 'ede8a825-fb81-498a-8414-f63ac884f844', '6f6eaf39-4fae-4d82-9c9e-5edaf0065da5', 'shipped', '2026-03-15', '2026-03-26');
INSERT INTO public.orders (id, order_number, company_id, assigned_to, status, order_date, expected_delivery) VALUES ('f0287d12-2b6e-46e7-b8ce-b48b7eb1e5b4', 'ORD-1068', '6dcbcc52-227c-4c8a-8c32-10eea4588840', '6f6eaf39-4fae-4d82-9c9e-5edaf0065da5', 'processing', '2026-03-07', '2026-04-05');
INSERT INTO public.orders (id, order_number, company_id, assigned_to, status, order_date, expected_delivery) VALUES ('f7cf06eb-339b-4e7e-a564-3644af296ebf', 'ORD-1069', 'c3d5e7b0-7954-4397-80f6-9b471b0b3689', '6f6eaf39-4fae-4d82-9c9e-5edaf0065da5', 'pending', '2025-10-28', '2025-11-14');
INSERT INTO public.orders (id, order_number, company_id, assigned_to, status, order_date, expected_delivery) VALUES ('5ddf64e6-117c-45ad-8dd2-26be79257d3c', 'ORD-1070', '68770467-70af-4075-8bff-6f1bec792165', '6f6eaf39-4fae-4d82-9c9e-5edaf0065da5', 'shipped', '2026-04-23', '2026-05-06');
INSERT INTO public.orders (id, order_number, company_id, assigned_to, status, order_date, expected_delivery) VALUES ('d4cb7db8-cfa3-4482-b92d-49084d619c42', 'ORD-1071', '125218a5-9b37-4b15-a216-4f9e2185896b', '6f6eaf39-4fae-4d82-9c9e-5edaf0065da5', 'processing', '2025-07-29', '2025-08-27');
INSERT INTO public.orders (id, order_number, company_id, assigned_to, status, order_date, expected_delivery) VALUES ('a5f3e49d-e71e-4951-a615-3776fc2d7a8d', 'ORD-1072', '6c670db6-7574-4f75-8fa8-5d82eee2978f', '6f6eaf39-4fae-4d82-9c9e-5edaf0065da5', 'delivered', '2025-08-03', '2025-08-22');
INSERT INTO public.orders (id, order_number, company_id, assigned_to, status, order_date, expected_delivery) VALUES ('babb506f-c528-4ac2-aa05-fcbc19bf22c6', 'ORD-1073', 'f6d255fd-f7ad-43a3-b9d6-a4b20492ac9f', '6f6eaf39-4fae-4d82-9c9e-5edaf0065da5', 'draft', '2025-11-25', '2025-12-11');
INSERT INTO public.orders (id, order_number, company_id, assigned_to, status, order_date, expected_delivery) VALUES ('63eb62e2-7342-4532-9039-a72736454766', 'ORD-1074', 'cdd98fa5-a371-4d3f-9552-05e2e659b8b6', '6f6eaf39-4fae-4d82-9c9e-5edaf0065da5', 'processing', '2025-10-22', '2025-11-15');
INSERT INTO public.orders (id, order_number, company_id, assigned_to, status, order_date, expected_delivery) VALUES ('7f1d1ba9-12d2-429a-9010-c64fa9a3236b', 'ORD-1075', '1254393b-d929-432b-af7a-6e1f8f7bba5a', '6f6eaf39-4fae-4d82-9c9e-5edaf0065da5', 'delivered', '2025-07-20', '2025-08-03');
INSERT INTO public.orders (id, order_number, company_id, assigned_to, status, order_date, expected_delivery) VALUES ('4ada744e-d96d-4389-9a5d-eb18676a575d', 'ORD-1076', 'f6d255fd-f7ad-43a3-b9d6-a4b20492ac9f', '6f6eaf39-4fae-4d82-9c9e-5edaf0065da5', 'confirmed', '2025-10-13', '2025-11-04');
INSERT INTO public.orders (id, order_number, company_id, assigned_to, status, order_date, expected_delivery) VALUES ('d17ae9ce-6b8c-4deb-b73b-01e2eb99246f', 'ORD-1077', '6c670db6-7574-4f75-8fa8-5d82eee2978f', '6f6eaf39-4fae-4d82-9c9e-5edaf0065da5', 'processing', '2025-06-16', '2025-07-14');
INSERT INTO public.orders (id, order_number, company_id, assigned_to, status, order_date, expected_delivery) VALUES ('39155aa7-be25-44d2-9b84-e7dc855297bc', 'ORD-1078', '9abba7f3-c244-495d-bdad-997a5ec81d0f', '6f6eaf39-4fae-4d82-9c9e-5edaf0065da5', 'processing', '2026-03-01', '2026-03-22');
INSERT INTO public.orders (id, order_number, company_id, assigned_to, status, order_date, expected_delivery) VALUES ('afbb5cb5-a400-4db7-afaf-3f6e92e82fc2', 'ORD-1079', '95087957-4530-40c4-9ebf-32652249e435', '6f6eaf39-4fae-4d82-9c9e-5edaf0065da5', 'pending', '2025-07-10', '2025-08-03');
INSERT INTO public.orders (id, order_number, company_id, assigned_to, status, order_date, expected_delivery) VALUES ('56a58b62-5863-4bca-84f1-1a9e5f201efd', 'ORD-1080', '6c670db6-7574-4f75-8fa8-5d82eee2978f', '6f6eaf39-4fae-4d82-9c9e-5edaf0065da5', 'delivered', '2025-07-25', '2025-08-19');
INSERT INTO public.orders (id, order_number, company_id, assigned_to, status, order_date, expected_delivery) VALUES ('206e48b6-53e1-462e-97cd-d05f7d11a881', 'ORD-1081', 'c10f010e-01e6-4dd9-90bb-49af966889be', '6f6eaf39-4fae-4d82-9c9e-5edaf0065da5', 'draft', '2025-06-29', '2025-07-19');
INSERT INTO public.orders (id, order_number, company_id, assigned_to, status, order_date, expected_delivery) VALUES ('c9406bff-8f6a-4b86-ae29-8ea24f25f37d', 'ORD-1082', '3cad89e0-5a3a-4046-bb9c-ff21c87c0007', '6f6eaf39-4fae-4d82-9c9e-5edaf0065da5', 'delivered', '2026-02-20', '2026-02-28');
INSERT INTO public.orders (id, order_number, company_id, assigned_to, status, order_date, expected_delivery) VALUES ('4a0eb9db-da13-4669-8df7-cd9169779056', 'ORD-1083', 'b99cb42a-4bce-47b9-9c8c-6428cb1f8489', '6f6eaf39-4fae-4d82-9c9e-5edaf0065da5', 'processing', '2026-02-05', '2026-02-26');
INSERT INTO public.orders (id, order_number, company_id, assigned_to, status, order_date, expected_delivery) VALUES ('360420e3-21da-4696-ae38-40364ec220d3', 'ORD-1084', '8f4b4ab7-2b78-4b8b-8821-608ed6da9f24', '6f6eaf39-4fae-4d82-9c9e-5edaf0065da5', 'processing', '2025-11-11', '2025-11-26');
INSERT INTO public.orders (id, order_number, company_id, assigned_to, status, order_date, expected_delivery) VALUES ('60c0f55e-cdb6-4857-a6ec-75d051bf7c09', 'ORD-1085', 'cdd98fa5-a371-4d3f-9552-05e2e659b8b6', '6f6eaf39-4fae-4d82-9c9e-5edaf0065da5', 'cancelled', '2025-10-21', '2025-11-05');
INSERT INTO public.orders (id, order_number, company_id, assigned_to, status, order_date, expected_delivery) VALUES ('129e5c31-b6be-4560-98c7-751ef4fdd229', 'ORD-1086', '125218a5-9b37-4b15-a216-4f9e2185896b', '6f6eaf39-4fae-4d82-9c9e-5edaf0065da5', 'pending', '2026-05-15', '2026-06-14');
INSERT INTO public.orders (id, order_number, company_id, assigned_to, status, order_date, expected_delivery) VALUES ('25993d0f-0b25-43b9-961b-97d6ad22cf78', 'ORD-1087', '68770467-70af-4075-8bff-6f1bec792165', '6f6eaf39-4fae-4d82-9c9e-5edaf0065da5', 'pending', '2025-11-26', '2025-12-10');
INSERT INTO public.orders (id, order_number, company_id, assigned_to, status, order_date, expected_delivery) VALUES ('784f3aef-2537-4fc1-9a0d-f77d111d9ef4', 'ORD-1088', '35ec5413-93d1-4c47-80f6-315f925771b7', '6f6eaf39-4fae-4d82-9c9e-5edaf0065da5', 'pending', '2025-06-25', '2025-07-03');
INSERT INTO public.orders (id, order_number, company_id, assigned_to, status, order_date, expected_delivery) VALUES ('b251b41a-22f1-4687-8e89-98e74f46e36b', 'ORD-1089', 'cdd98fa5-a371-4d3f-9552-05e2e659b8b6', '6f6eaf39-4fae-4d82-9c9e-5edaf0065da5', 'draft', '2026-01-18', '2026-01-31');
INSERT INTO public.orders (id, order_number, company_id, assigned_to, status, order_date, expected_delivery) VALUES ('61907630-d537-4752-8855-354feb52d3a8', 'ORD-1090', '125218a5-9b37-4b15-a216-4f9e2185896b', '6f6eaf39-4fae-4d82-9c9e-5edaf0065da5', 'draft', '2026-03-07', '2026-03-21');
INSERT INTO public.orders (id, order_number, company_id, assigned_to, status, order_date, expected_delivery) VALUES ('9f8b1dc2-4eb9-4e6f-a212-3210cb6f995b', 'ORD-1091', '3cad89e0-5a3a-4046-bb9c-ff21c87c0007', '6f6eaf39-4fae-4d82-9c9e-5edaf0065da5', 'shipped', '2026-03-27', '2026-04-21');
INSERT INTO public.orders (id, order_number, company_id, assigned_to, status, order_date, expected_delivery) VALUES ('a9e7f3b1-ec88-404d-8382-31ee7ecacad3', 'ORD-1092', 'c3d5e7b0-7954-4397-80f6-9b471b0b3689', '6f6eaf39-4fae-4d82-9c9e-5edaf0065da5', 'shipped', '2026-01-13', '2026-01-31');
INSERT INTO public.orders (id, order_number, company_id, assigned_to, status, order_date, expected_delivery) VALUES ('5886b430-c5ed-49a1-a75c-d69ab9ffbb76', 'ORD-1093', '29362ca6-ff0e-4b21-a231-4fee911ef1e7', '6f6eaf39-4fae-4d82-9c9e-5edaf0065da5', 'delivered', '2026-03-27', '2026-04-08');
INSERT INTO public.orders (id, order_number, company_id, assigned_to, status, order_date, expected_delivery) VALUES ('43f525aa-7358-4ad9-ae26-7be6573b076c', 'ORD-1094', 'e9672bad-9f45-4e6e-8df1-35024a3fff2f', '6f6eaf39-4fae-4d82-9c9e-5edaf0065da5', 'pending', '2026-05-11', '2026-05-27');
INSERT INTO public.orders (id, order_number, company_id, assigned_to, status, order_date, expected_delivery) VALUES ('a7ba410d-c23d-400b-8de5-ae2d2850ad56', 'ORD-1095', '01581be8-82bd-4b15-b2e8-280f0575a338', '6f6eaf39-4fae-4d82-9c9e-5edaf0065da5', 'delivered', '2025-11-13', '2025-12-02');
INSERT INTO public.orders (id, order_number, company_id, assigned_to, status, order_date, expected_delivery) VALUES ('e1099cdc-4761-45ed-8347-ae0d6a53520e', 'ORD-1096', 'd6b232e2-fb67-46f5-8e86-2f477791b9f9', '6f6eaf39-4fae-4d82-9c9e-5edaf0065da5', 'confirmed', '2025-07-25', '2025-08-23');
INSERT INTO public.orders (id, order_number, company_id, assigned_to, status, order_date, expected_delivery) VALUES ('eea5025a-2d4d-42c4-bba3-830c85177e3c', 'ORD-1097', '125218a5-9b37-4b15-a216-4f9e2185896b', '6f6eaf39-4fae-4d82-9c9e-5edaf0065da5', 'delivered', '2026-04-02', '2026-05-01');
INSERT INTO public.orders (id, order_number, company_id, assigned_to, status, order_date, expected_delivery) VALUES ('dc62f5f1-5bb2-4b95-b482-779585ec1ee0', 'ORD-1098', 'cdd98fa5-a371-4d3f-9552-05e2e659b8b6', '6f6eaf39-4fae-4d82-9c9e-5edaf0065da5', 'processing', '2025-06-08', '2025-07-04');
INSERT INTO public.orders (id, order_number, company_id, assigned_to, status, order_date, expected_delivery) VALUES ('0e38e242-d061-4ed2-bb3f-e10b3f5e7881', 'ORD-1099', '9abba7f3-c244-495d-bdad-997a5ec81d0f', '6f6eaf39-4fae-4d82-9c9e-5edaf0065da5', 'pending', '2025-08-08', '2025-08-16');
INSERT INTO public.orders (id, order_number, company_id, assigned_to, status, order_date, expected_delivery) VALUES ('0c1dfa3c-16de-43da-87fa-7777819705c0', 'ORD-1100', '20bb7923-a36e-45f7-bd1f-77cc175552bf', '6f6eaf39-4fae-4d82-9c9e-5edaf0065da5', 'shipped', '2025-06-20', '2025-07-08');
INSERT INTO public.orders (id, order_number, company_id, assigned_to, status, order_date, expected_delivery) VALUES ('dd367a7b-b20d-4513-a7ea-d43013ed4eeb', 'ORD-1101', '2353438b-1ba2-4947-bb47-5516c4397f71', '6f6eaf39-4fae-4d82-9c9e-5edaf0065da5', 'shipped', '2025-12-01', '2025-12-08');
INSERT INTO public.orders (id, order_number, company_id, assigned_to, status, order_date, expected_delivery) VALUES ('99fd9c31-2365-4722-a966-a066e8b81292', 'ORD-1102', '0be19f35-a75d-4e52-82c1-19bc30013137', '6f6eaf39-4fae-4d82-9c9e-5edaf0065da5', 'processing', '2025-09-16', '2025-09-26');
INSERT INTO public.orders (id, order_number, company_id, assigned_to, status, order_date, expected_delivery) VALUES ('2ad7d10a-aa47-4c2e-b944-87d14f759a16', 'ORD-1103', '7fedb6a0-8037-4702-8af6-716eb24de9bd', '6f6eaf39-4fae-4d82-9c9e-5edaf0065da5', 'cancelled', '2025-07-03', '2025-07-24');
INSERT INTO public.orders (id, order_number, company_id, assigned_to, status, order_date, expected_delivery) VALUES ('31b212b3-a4e1-4d65-83d6-f3908a1e0b1a', 'ORD-1104', 'd6b232e2-fb67-46f5-8e86-2f477791b9f9', '6f6eaf39-4fae-4d82-9c9e-5edaf0065da5', 'confirmed', '2026-02-23', '2026-03-25');
INSERT INTO public.orders (id, order_number, company_id, assigned_to, status, order_date, expected_delivery) VALUES ('ebcc0d03-78f5-4462-8978-ce392e4a9503', 'ORD-1105', '156a0dfe-0728-440e-a3e9-a35189ecd064', '6f6eaf39-4fae-4d82-9c9e-5edaf0065da5', 'cancelled', '2026-01-06', '2026-02-01');
INSERT INTO public.orders (id, order_number, company_id, assigned_to, status, order_date, expected_delivery) VALUES ('deca884c-40d4-4060-91a4-6974857d08ed', 'ORD-1106', '9abba7f3-c244-495d-bdad-997a5ec81d0f', '6f6eaf39-4fae-4d82-9c9e-5edaf0065da5', 'delivered', '2025-09-19', '2025-10-10');
INSERT INTO public.orders (id, order_number, company_id, assigned_to, status, order_date, expected_delivery) VALUES ('8337ffc2-e83e-4863-a5d4-ddc4fc677d0c', 'ORD-1107', '7fedb6a0-8037-4702-8af6-716eb24de9bd', '6f6eaf39-4fae-4d82-9c9e-5edaf0065da5', 'delivered', '2025-07-25', '2025-08-09');
INSERT INTO public.orders (id, order_number, company_id, assigned_to, status, order_date, expected_delivery) VALUES ('ee631d76-8220-4bdd-ad94-7303c04bd628', 'ORD-1108', '8f4b4ab7-2b78-4b8b-8821-608ed6da9f24', '6f6eaf39-4fae-4d82-9c9e-5edaf0065da5', 'delivered', '2026-04-10', '2026-04-25');
INSERT INTO public.orders (id, order_number, company_id, assigned_to, status, order_date, expected_delivery) VALUES ('3492acf1-db45-436c-94af-a68b57976faf', 'ORD-1109', 'ede8a825-fb81-498a-8414-f63ac884f844', '6f6eaf39-4fae-4d82-9c9e-5edaf0065da5', 'shipped', '2025-09-29', '2025-10-24');
INSERT INTO public.orders (id, order_number, company_id, assigned_to, status, order_date, expected_delivery) VALUES ('3e06bcdd-7557-4a2c-8d89-5fcaabaa263f', 'ORD-1110', '50621ad3-4f90-437b-938c-3b663b8dcc30', '6f6eaf39-4fae-4d82-9c9e-5edaf0065da5', 'delivered', '2025-12-03', '2025-12-10');
INSERT INTO public.orders (id, order_number, company_id, assigned_to, status, order_date, expected_delivery) VALUES ('273c6274-c32e-43a9-8d3f-b640d56b28c0', 'ORD-1111', 'f6d255fd-f7ad-43a3-b9d6-a4b20492ac9f', '6f6eaf39-4fae-4d82-9c9e-5edaf0065da5', 'delivered', '2026-02-20', '2026-03-14');
INSERT INTO public.orders (id, order_number, company_id, assigned_to, status, order_date, expected_delivery) VALUES ('bd31a361-a9ad-459f-b888-ddee6daa3446', 'ORD-1112', 'c3d5e7b0-7954-4397-80f6-9b471b0b3689', '6f6eaf39-4fae-4d82-9c9e-5edaf0065da5', 'processing', '2026-01-12', '2026-01-29');
INSERT INTO public.orders (id, order_number, company_id, assigned_to, status, order_date, expected_delivery) VALUES ('233a1ad8-19c8-4766-be9c-ac0a81a81302', 'ORD-1113', 'b99cb42a-4bce-47b9-9c8c-6428cb1f8489', '6f6eaf39-4fae-4d82-9c9e-5edaf0065da5', 'delivered', '2025-05-30', '2025-06-14');
INSERT INTO public.orders (id, order_number, company_id, assigned_to, status, order_date, expected_delivery) VALUES ('425a0626-e314-4830-9418-3b1475299a91', 'ORD-1114', '68770467-70af-4075-8bff-6f1bec792165', '6f6eaf39-4fae-4d82-9c9e-5edaf0065da5', 'draft', '2026-02-16', '2026-02-25');
INSERT INTO public.orders (id, order_number, company_id, assigned_to, status, order_date, expected_delivery) VALUES ('a20917e5-eb46-49cf-bbdb-d3dde89bb4f1', 'ORD-1115', '6dcbcc52-227c-4c8a-8c32-10eea4588840', '6f6eaf39-4fae-4d82-9c9e-5edaf0065da5', 'delivered', '2025-09-16', '2025-10-10');
INSERT INTO public.orders (id, order_number, company_id, assigned_to, status, order_date, expected_delivery) VALUES ('54c91139-eaab-4861-a22a-01c76ed0722f', 'ORD-1116', 'cdd98fa5-a371-4d3f-9552-05e2e659b8b6', '6f6eaf39-4fae-4d82-9c9e-5edaf0065da5', 'confirmed', '2025-09-23', '2025-10-20');
INSERT INTO public.orders (id, order_number, company_id, assigned_to, status, order_date, expected_delivery) VALUES ('353cde2d-b831-4f60-9345-5bf9859699ec', 'ORD-1117', 'd6b232e2-fb67-46f5-8e86-2f477791b9f9', '6f6eaf39-4fae-4d82-9c9e-5edaf0065da5', 'shipped', '2026-05-16', '2026-05-25');
INSERT INTO public.orders (id, order_number, company_id, assigned_to, status, order_date, expected_delivery) VALUES ('bb4f5436-8164-41c3-9642-27cd83750c48', 'ORD-1118', 'e9672bad-9f45-4e6e-8df1-35024a3fff2f', '6f6eaf39-4fae-4d82-9c9e-5edaf0065da5', 'confirmed', '2025-06-04', '2025-06-18');
INSERT INTO public.orders (id, order_number, company_id, assigned_to, status, order_date, expected_delivery) VALUES ('f8101a57-2862-44d7-b049-94c5a190d8d3', 'ORD-1119', 'e9672bad-9f45-4e6e-8df1-35024a3fff2f', '6f6eaf39-4fae-4d82-9c9e-5edaf0065da5', 'delivered', '2025-11-17', '2025-12-09');
INSERT INTO public.orders (id, order_number, company_id, assigned_to, status, order_date, expected_delivery) VALUES ('871fe0d1-2ab5-46aa-acbc-7309be5fb642', 'ORD-1120', '68770467-70af-4075-8bff-6f1bec792165', '6f6eaf39-4fae-4d82-9c9e-5edaf0065da5', 'shipped', '2025-10-19', '2025-11-18');

-- ORDER ITEMS (trigger will auto-update order totals)
INSERT INTO public.order_items (id, order_id, product_id, quantity, unit_price) VALUES ('a9800bc9-954f-4382-9e34-7f798d9f95cc', '711c8bcc-8596-45cd-b790-89bd0acc053b', '8c44439a-93bd-4e1c-a07f-09c2ea59e3a1', 5, 2850.84);
INSERT INTO public.order_items (id, order_id, product_id, quantity, unit_price) VALUES ('c3cf64a9-624c-4d4c-a5ba-3888118a49e3', '711c8bcc-8596-45cd-b790-89bd0acc053b', '1d088021-cfce-47b2-903d-260ec53441fd', 2, 5743.41);
INSERT INTO public.order_items (id, order_id, product_id, quantity, unit_price) VALUES ('78d0aff5-0b31-4e43-b549-eb0bcd1dabb2', '711c8bcc-8596-45cd-b790-89bd0acc053b', '43371b46-065c-4245-9494-218928edcc4c', 6, 5543.47);
INSERT INTO public.order_items (id, order_id, product_id, quantity, unit_price) VALUES ('18183565-1d94-4a32-acac-1ff8e05527bd', 'be6fecca-3d65-4b71-8692-2d5480c033db', 'b77c0f96-4f6b-4668-b4ae-7cff67078c72', 8, 1719.54);
INSERT INTO public.order_items (id, order_id, product_id, quantity, unit_price) VALUES ('a8fb8c53-0588-45bf-907f-d1f8b6957824', 'be6fecca-3d65-4b71-8692-2d5480c033db', 'a30b84f8-ce73-4833-a08c-56ccc24bd422', 10, 5257.54);
INSERT INTO public.order_items (id, order_id, product_id, quantity, unit_price) VALUES ('9f94e9d5-effd-4897-9eeb-bab1e870b880', '807bbedd-0f85-4eff-9902-13e813f394a2', '49cd0a7d-5d7d-4286-9e5f-c792fbc2ce6d', 4, 2915.56);
INSERT INTO public.order_items (id, order_id, product_id, quantity, unit_price) VALUES ('2f1b0025-5ed9-4e99-b705-f84a823738a9', '807bbedd-0f85-4eff-9902-13e813f394a2', 'b77c0f96-4f6b-4668-b4ae-7cff67078c72', 5, 1625.09);
INSERT INTO public.order_items (id, order_id, product_id, quantity, unit_price) VALUES ('1acb0df0-8b71-4283-bd1d-888dd45fa587', '807bbedd-0f85-4eff-9902-13e813f394a2', '3ac38308-8406-4177-8a9c-e079c19052e1', 9, 4163.92);
INSERT INTO public.order_items (id, order_id, product_id, quantity, unit_price) VALUES ('ebac210c-5254-4a4c-9235-1a248839ff16', 'b42b22eb-d0ff-493e-a8c7-163b8d5c9c44', '4bfb5ce6-8c05-46d0-91d1-b6443f92be7e', 9, 8624.89);
INSERT INTO public.order_items (id, order_id, product_id, quantity, unit_price) VALUES ('a552c8dd-3063-466d-a859-3a523488d553', '7d4f86bd-042c-4e33-b9ec-811a9d62820e', '4dfa4c40-1ac8-4c37-8320-3bd7aa2e499f', 1, 3653.33);
INSERT INTO public.order_items (id, order_id, product_id, quantity, unit_price) VALUES ('e5941fe1-b652-4c9f-9114-8bc70906debb', '7d4f86bd-042c-4e33-b9ec-811a9d62820e', '49cd0a7d-5d7d-4286-9e5f-c792fbc2ce6d', 8, 2986.23);
INSERT INTO public.order_items (id, order_id, product_id, quantity, unit_price) VALUES ('6bfb9250-7770-4fe4-92f5-b111da5cb330', '9919aad3-ac7e-4217-8e55-a617509ef9f9', '78475373-fa8b-4fa0-a7a5-f0ec832a7870', 8, 4798.65);
INSERT INTO public.order_items (id, order_id, product_id, quantity, unit_price) VALUES ('3f2649e7-6fb1-4fd7-ac94-ae3eea4c9976', '9919aad3-ac7e-4217-8e55-a617509ef9f9', '4bfb5ce6-8c05-46d0-91d1-b6443f92be7e', 2, 8820.29);
INSERT INTO public.order_items (id, order_id, product_id, quantity, unit_price) VALUES ('abbd4907-4f82-44bf-a34f-6169eebd6141', '9919aad3-ac7e-4217-8e55-a617509ef9f9', '43371b46-065c-4245-9494-218928edcc4c', 2, 6092.43);
INSERT INTO public.order_items (id, order_id, product_id, quantity, unit_price) VALUES ('599294be-2f24-4ee4-868e-fd17ae76ecda', 'ee2a7fc9-c3bf-44d3-b0a7-0b4a0e5782f9', 'a554a5fa-39ab-4479-98d2-ebe67cfa7ba0', 3, 3717.8);
INSERT INTO public.order_items (id, order_id, product_id, quantity, unit_price) VALUES ('0840067f-3ea4-46bb-9da1-a14fdb8cb10c', '93f5b677-c992-4fed-827c-277910574f87', '71ec2f68-240b-41ae-8d03-fe075fe4992f', 9, 5263.39);
INSERT INTO public.order_items (id, order_id, product_id, quantity, unit_price) VALUES ('f1dd6ed5-98bb-4eb4-ae7e-31986b264dcd', '93f5b677-c992-4fed-827c-277910574f87', 'af906e4b-251b-4c5b-a7cb-8bcf1dfbcbbb', 10, 12230.7);
INSERT INTO public.order_items (id, order_id, product_id, quantity, unit_price) VALUES ('1a93e612-3023-4d9f-a89e-c2546f8eee05', '93f5b677-c992-4fed-827c-277910574f87', '49cd0a7d-5d7d-4286-9e5f-c792fbc2ce6d', 10, 2834.47);
INSERT INTO public.order_items (id, order_id, product_id, quantity, unit_price) VALUES ('b0049f75-3dad-46d4-a20b-e724cb6d1270', '8fc939cc-1d2a-4c1a-b63a-81f4d9b1d019', '1d088021-cfce-47b2-903d-260ec53441fd', 5, 5575.49);
INSERT INTO public.order_items (id, order_id, product_id, quantity, unit_price) VALUES ('f23d886d-89a0-48aa-964f-fa69660c2dfa', '8fc939cc-1d2a-4c1a-b63a-81f4d9b1d019', 'a30b84f8-ce73-4833-a08c-56ccc24bd422', 1, 4905.25);
INSERT INTO public.order_items (id, order_id, product_id, quantity, unit_price) VALUES ('612dd270-108e-4292-a5a7-4757656e990b', '8fc939cc-1d2a-4c1a-b63a-81f4d9b1d019', '3ac38308-8406-4177-8a9c-e079c19052e1', 2, 4902.83);
INSERT INTO public.order_items (id, order_id, product_id, quantity, unit_price) VALUES ('69f7cdad-7cc1-41a6-aeb9-8c7a3954be14', '8fc939cc-1d2a-4c1a-b63a-81f4d9b1d019', '30f4d5a6-d401-4e7b-9641-ba29f6f10e40', 4, 15376.55);
INSERT INTO public.order_items (id, order_id, product_id, quantity, unit_price) VALUES ('83d1a536-e083-44c5-bcf6-f0ca16d96e33', '77cc2212-4c15-474b-8dcf-9235e99a7f8f', '71ec2f68-240b-41ae-8d03-fe075fe4992f', 3, 5050.98);
INSERT INTO public.order_items (id, order_id, product_id, quantity, unit_price) VALUES ('d0d4c99d-fb8b-4634-a2d3-f77dc478b3c3', '77cc2212-4c15-474b-8dcf-9235e99a7f8f', '78475373-fa8b-4fa0-a7a5-f0ec832a7870', 3, 4682.78);
INSERT INTO public.order_items (id, order_id, product_id, quantity, unit_price) VALUES ('e3a59830-3b9a-42d9-9c81-8a0667ecdacd', '77cc2212-4c15-474b-8dcf-9235e99a7f8f', 'af906e4b-251b-4c5b-a7cb-8bcf1dfbcbbb', 8, 12454.49);
INSERT INTO public.order_items (id, order_id, product_id, quantity, unit_price) VALUES ('df76e11f-c437-4711-9f22-89301a7f7761', '36608cdc-715d-43cd-b348-6e8d3a02beb7', '3ac38308-8406-4177-8a9c-e079c19052e1', 5, 4682.69);
INSERT INTO public.order_items (id, order_id, product_id, quantity, unit_price) VALUES ('32948c24-7aa5-43cd-b6b8-f74df8cb630e', '36608cdc-715d-43cd-b348-6e8d3a02beb7', '4bfb5ce6-8c05-46d0-91d1-b6443f92be7e', 8, 8227.21);
INSERT INTO public.order_items (id, order_id, product_id, quantity, unit_price) VALUES ('fa147fe3-395f-40f2-99c5-12d6d86a7ccd', '36608cdc-715d-43cd-b348-6e8d3a02beb7', 'af906e4b-251b-4c5b-a7cb-8bcf1dfbcbbb', 4, 13017.39);
INSERT INTO public.order_items (id, order_id, product_id, quantity, unit_price) VALUES ('e5ecc5b7-8494-444e-8b6b-949227b7671f', '36608cdc-715d-43cd-b348-6e8d3a02beb7', 'a30b84f8-ce73-4833-a08c-56ccc24bd422', 10, 4954.74);
INSERT INTO public.order_items (id, order_id, product_id, quantity, unit_price) VALUES ('4532f632-cbb0-445a-a222-5bfca0827383', '7c941154-95f9-4b11-836b-479fd5e71095', '30f4d5a6-d401-4e7b-9641-ba29f6f10e40', 9, 14174.43);
INSERT INTO public.order_items (id, order_id, product_id, quantity, unit_price) VALUES ('4286d59f-3e9c-4aab-b38e-6cf38a8ac7d9', '7c941154-95f9-4b11-836b-479fd5e71095', '49cd0a7d-5d7d-4286-9e5f-c792fbc2ce6d', 3, 3243.97);
INSERT INTO public.order_items (id, order_id, product_id, quantity, unit_price) VALUES ('04e7f54e-ec60-4b27-ac0f-4c25718f05e6', '11c5b863-b035-4662-a694-818303d42b4d', '71ec2f68-240b-41ae-8d03-fe075fe4992f', 3, 5291.57);
INSERT INTO public.order_items (id, order_id, product_id, quantity, unit_price) VALUES ('b45f851c-013d-4d44-863b-153ca5a10375', '11c5b863-b035-4662-a694-818303d42b4d', '4bfb5ce6-8c05-46d0-91d1-b6443f92be7e', 10, 9447.07);
INSERT INTO public.order_items (id, order_id, product_id, quantity, unit_price) VALUES ('96bbee74-c73e-4361-9d16-78e6c4ebc233', '570821a5-b5dc-47bd-a1c4-615e3ea0deb9', '1d088021-cfce-47b2-903d-260ec53441fd', 5, 5719.71);
INSERT INTO public.order_items (id, order_id, product_id, quantity, unit_price) VALUES ('68be0200-2235-4435-ad31-3b2a92a45070', '570821a5-b5dc-47bd-a1c4-615e3ea0deb9', '49cd0a7d-5d7d-4286-9e5f-c792fbc2ce6d', 5, 2999.28);
INSERT INTO public.order_items (id, order_id, product_id, quantity, unit_price) VALUES ('368f03e3-7afe-4e7f-9b79-841fec60690a', '570821a5-b5dc-47bd-a1c4-615e3ea0deb9', 'a30b84f8-ce73-4833-a08c-56ccc24bd422', 8, 4740.25);
INSERT INTO public.order_items (id, order_id, product_id, quantity, unit_price) VALUES ('77c9b76b-a1ec-4c01-bf48-26fe54f687f1', 'b37e7666-46ce-4205-ad24-0f399f38f024', '30f4d5a6-d401-4e7b-9641-ba29f6f10e40', 6, 15311.14);
INSERT INTO public.order_items (id, order_id, product_id, quantity, unit_price) VALUES ('3bc25f72-b0c8-4586-8590-be95634ce9d4', 'f07c4888-4ef3-4472-9504-7a063de31850', '71ec2f68-240b-41ae-8d03-fe075fe4992f', 4, 5460.82);
INSERT INTO public.order_items (id, order_id, product_id, quantity, unit_price) VALUES ('46411f94-b861-4fa1-9c37-3964ed74f222', 'd52fec07-b6aa-4318-aeaf-1e128d5cf02e', '43371b46-065c-4245-9494-218928edcc4c', 10, 5448.28);
INSERT INTO public.order_items (id, order_id, product_id, quantity, unit_price) VALUES ('1cf6145d-59dd-46e3-b872-c60c31ba912e', '2406d552-8fe4-4558-aac7-5f4fe26f3a4b', '4dfa4c40-1ac8-4c37-8320-3bd7aa2e499f', 8, 3899.57);
INSERT INTO public.order_items (id, order_id, product_id, quantity, unit_price) VALUES ('670fdb1c-3082-45f7-92d9-eb4547374b82', '2406d552-8fe4-4558-aac7-5f4fe26f3a4b', '265f1af6-1628-4367-a804-2fa9fc8d2309', 3, 1978.9);
INSERT INTO public.order_items (id, order_id, product_id, quantity, unit_price) VALUES ('691918a2-2ba4-40e0-beee-9ee5973b90d1', '0adf8277-b609-4b11-86e8-4189af141781', '4dfa4c40-1ac8-4c37-8320-3bd7aa2e499f', 7, 3479.98);
INSERT INTO public.order_items (id, order_id, product_id, quantity, unit_price) VALUES ('878ca744-79b1-4309-974f-93a5a788a0ea', '0adf8277-b609-4b11-86e8-4189af141781', '71ec2f68-240b-41ae-8d03-fe075fe4992f', 2, 5356.66);
INSERT INTO public.order_items (id, order_id, product_id, quantity, unit_price) VALUES ('146f55ae-dc91-4e4e-a8d1-95fa1dfaf817', '0adf8277-b609-4b11-86e8-4189af141781', 'a30b84f8-ce73-4833-a08c-56ccc24bd422', 6, 4715.18);
INSERT INTO public.order_items (id, order_id, product_id, quantity, unit_price) VALUES ('a8bf2624-cc59-4f9d-9e71-cceb06673529', '0adf8277-b609-4b11-86e8-4189af141781', '8c44439a-93bd-4e1c-a07f-09c2ea59e3a1', 8, 2872.93);
INSERT INTO public.order_items (id, order_id, product_id, quantity, unit_price) VALUES ('7ffea500-28e9-4352-a0ca-cebc906657ba', '779d76e0-b4cb-4463-9a87-55c9506a8cc1', '57c4ea2f-5cf5-4914-bc04-e1b910bc000f', 6, 6843.45);
INSERT INTO public.order_items (id, order_id, product_id, quantity, unit_price) VALUES ('8875df9f-0e82-4a44-bd65-0b7786e0bb01', '779d76e0-b4cb-4463-9a87-55c9506a8cc1', '4bfb5ce6-8c05-46d0-91d1-b6443f92be7e', 2, 9845.24);
INSERT INTO public.order_items (id, order_id, product_id, quantity, unit_price) VALUES ('c91c5222-a9a8-4e73-abb4-9a3d2ce5712d', '779d76e0-b4cb-4463-9a87-55c9506a8cc1', '1d088021-cfce-47b2-903d-260ec53441fd', 7, 5901.4);
INSERT INTO public.order_items (id, order_id, product_id, quantity, unit_price) VALUES ('2aebd3a5-4e04-4422-a04d-c5b07ba586f6', '779d76e0-b4cb-4463-9a87-55c9506a8cc1', '71ec2f68-240b-41ae-8d03-fe075fe4992f', 1, 5156.63);
INSERT INTO public.order_items (id, order_id, product_id, quantity, unit_price) VALUES ('aea8dc77-a907-41a5-9f12-fc4d1f099e12', '84be8741-1ec7-4be0-bf4f-30d29b0362da', '30f4d5a6-d401-4e7b-9641-ba29f6f10e40', 6, 15367.9);
INSERT INTO public.order_items (id, order_id, product_id, quantity, unit_price) VALUES ('bb45cb39-1dc6-4893-8a6c-0a5530a89a92', '84be8741-1ec7-4be0-bf4f-30d29b0362da', '4bfb5ce6-8c05-46d0-91d1-b6443f92be7e', 8, 9224.71);
INSERT INTO public.order_items (id, order_id, product_id, quantity, unit_price) VALUES ('91bea6c1-4164-4940-bc83-62106db98934', '84be8741-1ec7-4be0-bf4f-30d29b0362da', 'b77c0f96-4f6b-4668-b4ae-7cff67078c72', 1, 1693.28);
INSERT INTO public.order_items (id, order_id, product_id, quantity, unit_price) VALUES ('34c566e8-b1be-4395-805b-bec9698df319', '84be8741-1ec7-4be0-bf4f-30d29b0362da', '265f1af6-1628-4367-a804-2fa9fc8d2309', 9, 1667.16);
INSERT INTO public.order_items (id, order_id, product_id, quantity, unit_price) VALUES ('417932e9-da59-40fc-bf9f-71538b13f090', 'cefc0e9a-42a7-4019-81a1-dbe882397125', '1d088021-cfce-47b2-903d-260ec53441fd', 1, 6020.46);
INSERT INTO public.order_items (id, order_id, product_id, quantity, unit_price) VALUES ('b8fc7526-6893-4e3e-a8b9-7c9e9d6cb416', 'cefc0e9a-42a7-4019-81a1-dbe882397125', '4dfa4c40-1ac8-4c37-8320-3bd7aa2e499f', 10, 3815.51);
INSERT INTO public.order_items (id, order_id, product_id, quantity, unit_price) VALUES ('076d3673-df83-480e-a822-a9b6d63af330', 'cefc0e9a-42a7-4019-81a1-dbe882397125', '49cd0a7d-5d7d-4286-9e5f-c792fbc2ce6d', 3, 2885.49);
INSERT INTO public.order_items (id, order_id, product_id, quantity, unit_price) VALUES ('3b788dab-075b-4bed-b45c-e5828fcc7898', '128aa6ec-94a8-4bff-91e7-c58645213516', '57c4ea2f-5cf5-4914-bc04-e1b910bc000f', 7, 6614.22);
INSERT INTO public.order_items (id, order_id, product_id, quantity, unit_price) VALUES ('8e0478e2-e1bc-428f-afeb-f90d9f45b2a4', '11f8fc5b-c8ee-4c55-93e5-307324fa543f', '1d088021-cfce-47b2-903d-260ec53441fd', 2, 5662.48);
INSERT INTO public.order_items (id, order_id, product_id, quantity, unit_price) VALUES ('18613d86-6ee0-4e5a-8d0a-ec335a91cd2b', '2df560de-b0d4-4eb2-b667-96b4bef08547', '4dfa4c40-1ac8-4c37-8320-3bd7aa2e499f', 9, 3747.9);
INSERT INTO public.order_items (id, order_id, product_id, quantity, unit_price) VALUES ('10c1e055-fb16-4eac-92c3-e7189a233aed', '2df560de-b0d4-4eb2-b667-96b4bef08547', '3ac38308-8406-4177-8a9c-e079c19052e1', 7, 4801.25);
INSERT INTO public.order_items (id, order_id, product_id, quantity, unit_price) VALUES ('bd0571b4-d8be-48a6-b710-b552f09672da', 'd25adc67-6827-47ca-b179-bea890cc67d6', 'af906e4b-251b-4c5b-a7cb-8bcf1dfbcbbb', 7, 11257.46);
INSERT INTO public.order_items (id, order_id, product_id, quantity, unit_price) VALUES ('703f22d5-c9ff-47a8-879e-999af9b8cb87', 'd25adc67-6827-47ca-b179-bea890cc67d6', '1d088021-cfce-47b2-903d-260ec53441fd', 10, 5509.06);
INSERT INTO public.order_items (id, order_id, product_id, quantity, unit_price) VALUES ('14a0581c-ddc3-413b-8edc-aaa6cebbd426', 'd25adc67-6827-47ca-b179-bea890cc67d6', '57c4ea2f-5cf5-4914-bc04-e1b910bc000f', 3, 7724.2);
INSERT INTO public.order_items (id, order_id, product_id, quantity, unit_price) VALUES ('a3ba64bd-03e5-4918-8f22-f70e57a87405', 'd25adc67-6827-47ca-b179-bea890cc67d6', 'a554a5fa-39ab-4479-98d2-ebe67cfa7ba0', 5, 3690.87);
INSERT INTO public.order_items (id, order_id, product_id, quantity, unit_price) VALUES ('80c95fa8-4c82-4b96-a216-14d9595eb971', '6d0f3e00-2d11-44e8-90ba-0a1ab021c120', '42f3f433-6473-427b-9a86-2022053c1e81', 5, 8361.68);
INSERT INTO public.order_items (id, order_id, product_id, quantity, unit_price) VALUES ('027bcdaa-4562-4482-a3fc-c66ad98459ec', '6d0f3e00-2d11-44e8-90ba-0a1ab021c120', '265f1af6-1628-4367-a804-2fa9fc8d2309', 10, 1828.77);
INSERT INTO public.order_items (id, order_id, product_id, quantity, unit_price) VALUES ('ee678673-2b21-49de-b263-c93bcdea8dec', '6d0f3e00-2d11-44e8-90ba-0a1ab021c120', '43371b46-065c-4245-9494-218928edcc4c', 8, 6438.31);
INSERT INTO public.order_items (id, order_id, product_id, quantity, unit_price) VALUES ('90f25890-e2b6-4eb8-bf5a-338346805ee1', '6d0f3e00-2d11-44e8-90ba-0a1ab021c120', '92863bcc-cb21-46f0-8e04-8b1879990285', 8, 15114.73);
INSERT INTO public.order_items (id, order_id, product_id, quantity, unit_price) VALUES ('dd4bbe70-b82e-49a7-baa3-5de75f233c58', 'baff0e9e-3efa-46c0-aca8-6563d0f95872', '42f3f433-6473-427b-9a86-2022053c1e81', 7, 7928.55);
INSERT INTO public.order_items (id, order_id, product_id, quantity, unit_price) VALUES ('3e66b957-0b7c-42a5-bd48-24ea3b776d0a', 'baff0e9e-3efa-46c0-aca8-6563d0f95872', '57c4ea2f-5cf5-4914-bc04-e1b910bc000f', 6, 7732.23);
INSERT INTO public.order_items (id, order_id, product_id, quantity, unit_price) VALUES ('576d1259-519b-457c-9d62-b8522354d503', 'baff0e9e-3efa-46c0-aca8-6563d0f95872', '42b4f716-bda2-4994-b59b-290e3ef4f01d', 4, 2434.46);
INSERT INTO public.order_items (id, order_id, product_id, quantity, unit_price) VALUES ('0b067a91-b72a-4142-a10f-a831562acf04', '5fa0a5ed-b2fb-455e-9485-1317901b329f', '30f4d5a6-d401-4e7b-9641-ba29f6f10e40', 6, 15734.12);
INSERT INTO public.order_items (id, order_id, product_id, quantity, unit_price) VALUES ('e739e07d-824d-4514-ace2-73dce488589b', '5fa0a5ed-b2fb-455e-9485-1317901b329f', '4bfb5ce6-8c05-46d0-91d1-b6443f92be7e', 7, 8793.96);
INSERT INTO public.order_items (id, order_id, product_id, quantity, unit_price) VALUES ('b53e6fd9-41e4-4420-ba8f-e35705c81d08', '44473c7a-eb0e-45ba-b55c-e407ff6f5462', '4dfa4c40-1ac8-4c37-8320-3bd7aa2e499f', 3, 3601.65);
INSERT INTO public.order_items (id, order_id, product_id, quantity, unit_price) VALUES ('1c7bf776-c69c-4a65-bc36-e7494fabdc89', '44473c7a-eb0e-45ba-b55c-e407ff6f5462', '4bfb5ce6-8c05-46d0-91d1-b6443f92be7e', 10, 8696.62);
INSERT INTO public.order_items (id, order_id, product_id, quantity, unit_price) VALUES ('7742f25e-996e-4653-a835-83cdfb92190d', '5266f911-eb47-4bf5-8465-31827d8e86e3', '1d088021-cfce-47b2-903d-260ec53441fd', 2, 5528.55);
INSERT INTO public.order_items (id, order_id, product_id, quantity, unit_price) VALUES ('5c2eee86-a30b-478c-b73d-10ad7cb59d39', '6852ca13-06b4-40af-9510-277ae77f943e', '92863bcc-cb21-46f0-8e04-8b1879990285', 2, 14907.48);
INSERT INTO public.order_items (id, order_id, product_id, quantity, unit_price) VALUES ('2a7e5c0d-ec22-4a23-b489-17a24c846653', '6852ca13-06b4-40af-9510-277ae77f943e', 'a554a5fa-39ab-4479-98d2-ebe67cfa7ba0', 5, 3386.99);
INSERT INTO public.order_items (id, order_id, product_id, quantity, unit_price) VALUES ('621931fb-626a-4967-b97c-14f4a860f23c', '6852ca13-06b4-40af-9510-277ae77f943e', '30f4d5a6-d401-4e7b-9641-ba29f6f10e40', 7, 15449.51);
INSERT INTO public.order_items (id, order_id, product_id, quantity, unit_price) VALUES ('a02530f2-a06f-47df-b19b-85bff69e5a80', '6852ca13-06b4-40af-9510-277ae77f943e', '42b4f716-bda2-4994-b59b-290e3ef4f01d', 6, 2569.12);
INSERT INTO public.order_items (id, order_id, product_id, quantity, unit_price) VALUES ('e9aeffc5-9dcb-4c73-8e97-d0d5cd2beeb6', '2d5b1e5e-d183-4487-9f2e-353e8cfbef39', '42f3f433-6473-427b-9a86-2022053c1e81', 10, 7309.47);
INSERT INTO public.order_items (id, order_id, product_id, quantity, unit_price) VALUES ('66704b6c-8610-4786-b225-33f0a573ad21', '2d5b1e5e-d183-4487-9f2e-353e8cfbef39', '4dfa4c40-1ac8-4c37-8320-3bd7aa2e499f', 5, 3958.15);
INSERT INTO public.order_items (id, order_id, product_id, quantity, unit_price) VALUES ('8645dbeb-4067-4a09-af39-180d054668d0', '2d5b1e5e-d183-4487-9f2e-353e8cfbef39', '57c4ea2f-5cf5-4914-bc04-e1b910bc000f', 2, 7104.92);
INSERT INTO public.order_items (id, order_id, product_id, quantity, unit_price) VALUES ('b0f0aa55-15f2-41f7-b2e0-b3c095016106', '2d5b1e5e-d183-4487-9f2e-353e8cfbef39', '4bfb5ce6-8c05-46d0-91d1-b6443f92be7e', 2, 9467.61);
INSERT INTO public.order_items (id, order_id, product_id, quantity, unit_price) VALUES ('6df07ca6-fbb8-433b-b52d-c3fa7aa1fa18', '0c2fe883-daf3-4fea-9921-f356be952935', '1d088021-cfce-47b2-903d-260ec53441fd', 3, 5713.4);
INSERT INTO public.order_items (id, order_id, product_id, quantity, unit_price) VALUES ('0522b42a-21ba-49eb-890a-8fab82d3eab4', '1fc17222-df59-4036-a398-0730f002d69c', '4bfb5ce6-8c05-46d0-91d1-b6443f92be7e', 6, 9532.0);
INSERT INTO public.order_items (id, order_id, product_id, quantity, unit_price) VALUES ('9132cf82-8ded-4342-a5ec-b2a41f91605b', 'a81013db-00b6-47de-91b0-eef41e0a1de9', '8c44439a-93bd-4e1c-a07f-09c2ea59e3a1', 3, 2846.52);
INSERT INTO public.order_items (id, order_id, product_id, quantity, unit_price) VALUES ('8b53b810-4ed4-4997-a869-285428d1b330', 'a81013db-00b6-47de-91b0-eef41e0a1de9', 'a30b84f8-ce73-4833-a08c-56ccc24bd422', 7, 4863.29);
INSERT INTO public.order_items (id, order_id, product_id, quantity, unit_price) VALUES ('2b3ee753-5b81-4293-bb0a-8df6e4d0c879', 'a81013db-00b6-47de-91b0-eef41e0a1de9', '30f4d5a6-d401-4e7b-9641-ba29f6f10e40', 3, 14009.95);
INSERT INTO public.order_items (id, order_id, product_id, quantity, unit_price) VALUES ('9d8e2f41-0870-44d6-a2ef-ee250cc274c9', '263ca7d6-9027-4e07-8bae-4fada0b5b017', 'a30b84f8-ce73-4833-a08c-56ccc24bd422', 7, 4914.92);
INSERT INTO public.order_items (id, order_id, product_id, quantity, unit_price) VALUES ('58ebc69f-20be-4e5c-9025-0371b6574289', '361a9e6a-7bcd-47f9-aa47-916da380ef47', '4dfa4c40-1ac8-4c37-8320-3bd7aa2e499f', 3, 3407.18);
INSERT INTO public.order_items (id, order_id, product_id, quantity, unit_price) VALUES ('4c7cd494-0382-4204-a07b-6ad4dea84a64', '361a9e6a-7bcd-47f9-aa47-916da380ef47', '42b4f716-bda2-4994-b59b-290e3ef4f01d', 5, 2380.59);
INSERT INTO public.order_items (id, order_id, product_id, quantity, unit_price) VALUES ('f8deb7ec-7a50-41fe-b9e6-ecf74d52ea9e', 'b7431d33-aadb-4276-8af4-0b16a29f06d6', '1d088021-cfce-47b2-903d-260ec53441fd', 5, 5695.37);
INSERT INTO public.order_items (id, order_id, product_id, quantity, unit_price) VALUES ('d10c1772-ff5d-4a26-b4d5-f9f3532d142a', 'bdae4288-7cae-4f9c-8786-5c1b8b91fbb5', '71ec2f68-240b-41ae-8d03-fe075fe4992f', 6, 5486.55);
INSERT INTO public.order_items (id, order_id, product_id, quantity, unit_price) VALUES ('65ed8748-d224-4d7d-9812-7449e2811168', 'bdae4288-7cae-4f9c-8786-5c1b8b91fbb5', '1d088021-cfce-47b2-903d-260ec53441fd', 5, 5652.83);
INSERT INTO public.order_items (id, order_id, product_id, quantity, unit_price) VALUES ('8b9beecc-ca84-4c33-a42d-d9d94a92491b', '0cd97b76-ad4a-4847-b7af-71580d3074e9', '43371b46-065c-4245-9494-218928edcc4c', 7, 6424.0);
INSERT INTO public.order_items (id, order_id, product_id, quantity, unit_price) VALUES ('ae3f510e-cb16-42f0-b90c-b1ceb5b87e11', '0cd97b76-ad4a-4847-b7af-71580d3074e9', '1d088021-cfce-47b2-903d-260ec53441fd', 2, 5210.93);
INSERT INTO public.order_items (id, order_id, product_id, quantity, unit_price) VALUES ('221d5486-8c5a-4cef-8470-7e417dd94482', '0cd97b76-ad4a-4847-b7af-71580d3074e9', '3ac38308-8406-4177-8a9c-e079c19052e1', 10, 4373.06);
INSERT INTO public.order_items (id, order_id, product_id, quantity, unit_price) VALUES ('739a6c13-ec90-450f-a6b1-d714046a0ad9', '0cd97b76-ad4a-4847-b7af-71580d3074e9', 'b77c0f96-4f6b-4668-b4ae-7cff67078c72', 5, 1977.37);
INSERT INTO public.order_items (id, order_id, product_id, quantity, unit_price) VALUES ('defed26f-a007-41a4-b13b-4a1097d97834', '61541f59-1e9f-48e4-9c65-ad259e86fdb0', '92863bcc-cb21-46f0-8e04-8b1879990285', 1, 15196.77);
INSERT INTO public.order_items (id, order_id, product_id, quantity, unit_price) VALUES ('09ae2d7b-5a24-44cc-822e-de626e4baf7f', '61541f59-1e9f-48e4-9c65-ad259e86fdb0', '2c1d76b4-2ad6-4858-a88b-b5b6d878abfb', 1, 9739.11);
INSERT INTO public.order_items (id, order_id, product_id, quantity, unit_price) VALUES ('162de848-3aec-4a95-b44c-d047d778d49e', '61541f59-1e9f-48e4-9c65-ad259e86fdb0', '43371b46-065c-4245-9494-218928edcc4c', 8, 6399.41);
INSERT INTO public.order_items (id, order_id, product_id, quantity, unit_price) VALUES ('77b07c4b-eb2a-4c77-b189-cbaf1fe71e69', '9ab73751-8d78-4c75-98cd-658d5485d072', 'af906e4b-251b-4c5b-a7cb-8bcf1dfbcbbb', 4, 12290.14);
INSERT INTO public.order_items (id, order_id, product_id, quantity, unit_price) VALUES ('b50d99d4-83a5-4147-99a9-f328d2a0cbfb', '9ab73751-8d78-4c75-98cd-658d5485d072', '8c44439a-93bd-4e1c-a07f-09c2ea59e3a1', 3, 3076.95);
INSERT INTO public.order_items (id, order_id, product_id, quantity, unit_price) VALUES ('ef1e96a4-4a5e-4451-a679-dc3019a1fb73', '9ab73751-8d78-4c75-98cd-658d5485d072', 'a30b84f8-ce73-4833-a08c-56ccc24bd422', 1, 4616.58);
INSERT INTO public.order_items (id, order_id, product_id, quantity, unit_price) VALUES ('8f9c8210-23df-4826-9045-348d073b530d', '7476febe-bc14-4b86-94e8-d91190b7ab04', '4bfb5ce6-8c05-46d0-91d1-b6443f92be7e', 2, 9736.25);
INSERT INTO public.order_items (id, order_id, product_id, quantity, unit_price) VALUES ('f377c3a4-925c-49ba-b5ac-27d72704349f', '7476febe-bc14-4b86-94e8-d91190b7ab04', '42b4f716-bda2-4994-b59b-290e3ef4f01d', 6, 2518.79);
INSERT INTO public.order_items (id, order_id, product_id, quantity, unit_price) VALUES ('3396cfee-1f8a-471a-bdd2-58afaa1790f0', '7476febe-bc14-4b86-94e8-d91190b7ab04', '8c44439a-93bd-4e1c-a07f-09c2ea59e3a1', 3, 2820.48);
INSERT INTO public.order_items (id, order_id, product_id, quantity, unit_price) VALUES ('e58c919d-c184-4e13-9688-be9aa6c22ee4', '7476febe-bc14-4b86-94e8-d91190b7ab04', 'a554a5fa-39ab-4479-98d2-ebe67cfa7ba0', 9, 3763.52);
INSERT INTO public.order_items (id, order_id, product_id, quantity, unit_price) VALUES ('63c460ed-b21e-4e19-9267-e082f62e3bfb', '3d629115-2f1e-438c-bebf-621585ce1bd9', '265f1af6-1628-4367-a804-2fa9fc8d2309', 3, 1712.51);
INSERT INTO public.order_items (id, order_id, product_id, quantity, unit_price) VALUES ('4f27cb6c-ebe1-48df-b0d3-fe305dbb25ed', '3d629115-2f1e-438c-bebf-621585ce1bd9', 'a30b84f8-ce73-4833-a08c-56ccc24bd422', 8, 5248.69);
INSERT INTO public.order_items (id, order_id, product_id, quantity, unit_price) VALUES ('daf6569f-1a75-4f9d-8d8b-5956c4901d78', '3d629115-2f1e-438c-bebf-621585ce1bd9', '43371b46-065c-4245-9494-218928edcc4c', 5, 6295.87);
INSERT INTO public.order_items (id, order_id, product_id, quantity, unit_price) VALUES ('2c6d58a0-ae41-4354-8bb4-4b38e6d1e1bd', 'd84d3667-c3c2-4f00-a608-ab27ec12e34d', '49cd0a7d-5d7d-4286-9e5f-c792fbc2ce6d', 3, 3151.44);
INSERT INTO public.order_items (id, order_id, product_id, quantity, unit_price) VALUES ('ffd525eb-79be-4cc5-827c-7eee2969bbdf', 'd84d3667-c3c2-4f00-a608-ab27ec12e34d', '1d088021-cfce-47b2-903d-260ec53441fd', 4, 5896.15);
INSERT INTO public.order_items (id, order_id, product_id, quantity, unit_price) VALUES ('362ffb60-f28e-43d4-9b48-d08778730918', 'd84d3667-c3c2-4f00-a608-ab27ec12e34d', '71ec2f68-240b-41ae-8d03-fe075fe4992f', 7, 5466.18);
INSERT INTO public.order_items (id, order_id, product_id, quantity, unit_price) VALUES ('31e2c7e5-67de-43dc-932d-00c08aa18bb4', '34a37187-d4cf-443f-abe4-f851a2395c64', '71ec2f68-240b-41ae-8d03-fe075fe4992f', 5, 5035.56);
INSERT INTO public.order_items (id, order_id, product_id, quantity, unit_price) VALUES ('4b96d451-2cfd-4bb5-88d9-aaf4a2cf04a4', '34a37187-d4cf-443f-abe4-f851a2395c64', '2c1d76b4-2ad6-4858-a88b-b5b6d878abfb', 8, 8763.45);
INSERT INTO public.order_items (id, order_id, product_id, quantity, unit_price) VALUES ('e0a21c3c-8b7f-4df1-acc0-b14a38b25858', '34a37187-d4cf-443f-abe4-f851a2395c64', '92863bcc-cb21-46f0-8e04-8b1879990285', 5, 15252.66);
INSERT INTO public.order_items (id, order_id, product_id, quantity, unit_price) VALUES ('2ceb0474-6b28-4325-98a6-082ac39bd801', 'b3315215-3543-424f-86f9-bf330eb26049', '49cd0a7d-5d7d-4286-9e5f-c792fbc2ce6d', 1, 3070.7);
INSERT INTO public.order_items (id, order_id, product_id, quantity, unit_price) VALUES ('85bb4a74-bbdc-4862-87e0-5dca18415b5f', 'b3315215-3543-424f-86f9-bf330eb26049', 'af906e4b-251b-4c5b-a7cb-8bcf1dfbcbbb', 9, 11587.22);
INSERT INTO public.order_items (id, order_id, product_id, quantity, unit_price) VALUES ('95f22200-7f81-45fc-9798-91f82e0745c9', 'b3315215-3543-424f-86f9-bf330eb26049', '4dfa4c40-1ac8-4c37-8320-3bd7aa2e499f', 10, 3399.38);
INSERT INTO public.order_items (id, order_id, product_id, quantity, unit_price) VALUES ('f226ff39-fb9c-451d-987f-590a72990da1', '6ccb31c8-7025-4917-88fa-c1ed18a063a4', '1d088021-cfce-47b2-903d-260ec53441fd', 5, 5664.16);
INSERT INTO public.order_items (id, order_id, product_id, quantity, unit_price) VALUES ('c6221f2e-929d-48d1-bd15-6f69ed54d42c', 'b0ca5275-5076-4fdc-9775-c537341ce15b', 'a554a5fa-39ab-4479-98d2-ebe67cfa7ba0', 1, 3812.38);
INSERT INTO public.order_items (id, order_id, product_id, quantity, unit_price) VALUES ('dc109626-5d59-4d70-9a7b-065b7e6ccb89', '3a38b658-2554-48bd-a77f-1df0f2eb301f', '4dfa4c40-1ac8-4c37-8320-3bd7aa2e499f', 4, 3878.83);
INSERT INTO public.order_items (id, order_id, product_id, quantity, unit_price) VALUES ('1239e470-22da-4110-b7ae-47a7907768b7', '3a38b658-2554-48bd-a77f-1df0f2eb301f', '49cd0a7d-5d7d-4286-9e5f-c792fbc2ce6d', 3, 2932.21);
INSERT INTO public.order_items (id, order_id, product_id, quantity, unit_price) VALUES ('1d271778-9751-4e6e-af57-8c830797c00f', '3a38b658-2554-48bd-a77f-1df0f2eb301f', '42b4f716-bda2-4994-b59b-290e3ef4f01d', 6, 2481.83);
INSERT INTO public.order_items (id, order_id, product_id, quantity, unit_price) VALUES ('ee814e18-6d9d-4fcd-b9b8-4cb473876fe1', '5601ed7c-9c1e-4d4d-b2ef-ff80d4151c7f', '42b4f716-bda2-4994-b59b-290e3ef4f01d', 8, 2455.51);
INSERT INTO public.order_items (id, order_id, product_id, quantity, unit_price) VALUES ('b77b56dc-fa65-488f-9a6e-a5390b445a55', '5601ed7c-9c1e-4d4d-b2ef-ff80d4151c7f', 'a554a5fa-39ab-4479-98d2-ebe67cfa7ba0', 5, 3172.9);
INSERT INTO public.order_items (id, order_id, product_id, quantity, unit_price) VALUES ('495a3564-1665-46a8-adb3-9d606a005133', '5601ed7c-9c1e-4d4d-b2ef-ff80d4151c7f', '30f4d5a6-d401-4e7b-9641-ba29f6f10e40', 6, 14151.81);
INSERT INTO public.order_items (id, order_id, product_id, quantity, unit_price) VALUES ('b7b19ab5-cd08-4888-acab-034f41086811', '5601ed7c-9c1e-4d4d-b2ef-ff80d4151c7f', '49cd0a7d-5d7d-4286-9e5f-c792fbc2ce6d', 8, 3269.24);
INSERT INTO public.order_items (id, order_id, product_id, quantity, unit_price) VALUES ('68b691c0-2eeb-41cb-9c22-dde2f4bfa782', '4320a485-b61c-4ade-b631-672252998323', '49cd0a7d-5d7d-4286-9e5f-c792fbc2ce6d', 6, 2735.42);
INSERT INTO public.order_items (id, order_id, product_id, quantity, unit_price) VALUES ('4e74a1db-b4f3-4c9b-bd37-abb01c5b523b', '4320a485-b61c-4ade-b631-672252998323', '8c44439a-93bd-4e1c-a07f-09c2ea59e3a1', 5, 2813.89);
INSERT INTO public.order_items (id, order_id, product_id, quantity, unit_price) VALUES ('9d550db1-55ca-45f5-9c9f-409933116ecc', '4320a485-b61c-4ade-b631-672252998323', '57c4ea2f-5cf5-4914-bc04-e1b910bc000f', 2, 7846.58);
INSERT INTO public.order_items (id, order_id, product_id, quantity, unit_price) VALUES ('0aab8695-22b7-4617-9425-6a76a11b1665', 'b11ba157-5503-4dcd-81bd-a0ac53c72a21', '71ec2f68-240b-41ae-8d03-fe075fe4992f', 6, 4742.62);
INSERT INTO public.order_items (id, order_id, product_id, quantity, unit_price) VALUES ('ecde74bb-7095-40f1-827a-ab0320fc7a82', 'b11ba157-5503-4dcd-81bd-a0ac53c72a21', 'b77c0f96-4f6b-4668-b4ae-7cff67078c72', 3, 1903.31);
INSERT INTO public.order_items (id, order_id, product_id, quantity, unit_price) VALUES ('f513689e-94f6-471e-a199-d5152fbafbe2', 'b11ba157-5503-4dcd-81bd-a0ac53c72a21', '92863bcc-cb21-46f0-8e04-8b1879990285', 4, 13704.92);
INSERT INTO public.order_items (id, order_id, product_id, quantity, unit_price) VALUES ('dc2c0170-3029-439c-a9c2-29b30d097af2', 'b11ba157-5503-4dcd-81bd-a0ac53c72a21', '4bfb5ce6-8c05-46d0-91d1-b6443f92be7e', 9, 8471.94);
INSERT INTO public.order_items (id, order_id, product_id, quantity, unit_price) VALUES ('edb4cdae-04f7-4b4f-8f43-1406a2897315', 'd23ae30b-b4f5-464c-aa3c-f08ffe801406', 'af906e4b-251b-4c5b-a7cb-8bcf1dfbcbbb', 3, 12692.75);
INSERT INTO public.order_items (id, order_id, product_id, quantity, unit_price) VALUES ('763217a0-f394-4876-82e8-63d5764fbe2f', 'd23ae30b-b4f5-464c-aa3c-f08ffe801406', '42f3f433-6473-427b-9a86-2022053c1e81', 10, 7204.54);
INSERT INTO public.order_items (id, order_id, product_id, quantity, unit_price) VALUES ('bbdbde94-4fcb-4845-9e20-70f04f7c65fb', '27a07a05-c932-4ed5-bc9e-ef7d86a56d96', 'a554a5fa-39ab-4479-98d2-ebe67cfa7ba0', 5, 3708.96);
INSERT INTO public.order_items (id, order_id, product_id, quantity, unit_price) VALUES ('5fa94f2e-238c-435e-8908-0f8bc28357d4', '27a07a05-c932-4ed5-bc9e-ef7d86a56d96', '57c4ea2f-5cf5-4914-bc04-e1b910bc000f', 2, 7431.92);
INSERT INTO public.order_items (id, order_id, product_id, quantity, unit_price) VALUES ('6913418b-31da-4bd5-ac19-0921d19aa175', 'd89e5aaa-4b62-4cb9-831e-653fc67ca2e7', 'a554a5fa-39ab-4479-98d2-ebe67cfa7ba0', 1, 3400.77);
INSERT INTO public.order_items (id, order_id, product_id, quantity, unit_price) VALUES ('ad90fc01-76bd-477f-beb8-b683300bd02f', '449349cc-7fa7-4b40-b50e-2c8c42479ed9', '42b4f716-bda2-4994-b59b-290e3ef4f01d', 1, 2243.64);
INSERT INTO public.order_items (id, order_id, product_id, quantity, unit_price) VALUES ('d556dc2e-54be-489b-9c09-b4d8d4e21145', '449349cc-7fa7-4b40-b50e-2c8c42479ed9', '42f3f433-6473-427b-9a86-2022053c1e81', 1, 7402.81);
INSERT INTO public.order_items (id, order_id, product_id, quantity, unit_price) VALUES ('19dfbe83-6ddc-4205-9d6b-302ba20b8656', 'c708521c-1165-44f6-93cc-1a4f4996403d', '265f1af6-1628-4367-a804-2fa9fc8d2309', 8, 1900.09);
INSERT INTO public.order_items (id, order_id, product_id, quantity, unit_price) VALUES ('e82e1cd7-084b-4289-89d9-153d88bdf3a6', 'c708521c-1165-44f6-93cc-1a4f4996403d', '49cd0a7d-5d7d-4286-9e5f-c792fbc2ce6d', 9, 3055.18);
INSERT INTO public.order_items (id, order_id, product_id, quantity, unit_price) VALUES ('5459b92b-35f1-4029-9600-5bfc97200ddd', 'c708521c-1165-44f6-93cc-1a4f4996403d', '71ec2f68-240b-41ae-8d03-fe075fe4992f', 8, 5002.84);
INSERT INTO public.order_items (id, order_id, product_id, quantity, unit_price) VALUES ('abd71fcb-72c6-4fef-9229-4f1a5f9c4c18', 'c708521c-1165-44f6-93cc-1a4f4996403d', '4dfa4c40-1ac8-4c37-8320-3bd7aa2e499f', 10, 3271.22);
INSERT INTO public.order_items (id, order_id, product_id, quantity, unit_price) VALUES ('3313e44b-10bd-48fe-aa6d-3fb87a848e54', '1e534999-e177-4a50-99f4-fbdbf230290e', '1d088021-cfce-47b2-903d-260ec53441fd', 8, 5882.03);
INSERT INTO public.order_items (id, order_id, product_id, quantity, unit_price) VALUES ('69cefcaf-2895-4488-b4e7-52f9a677eab5', '1e534999-e177-4a50-99f4-fbdbf230290e', '92863bcc-cb21-46f0-8e04-8b1879990285', 7, 15557.26);
INSERT INTO public.order_items (id, order_id, product_id, quantity, unit_price) VALUES ('3d7b86f0-7985-4254-b337-3ca1478bc42a', '1e534999-e177-4a50-99f4-fbdbf230290e', '4bfb5ce6-8c05-46d0-91d1-b6443f92be7e', 8, 9381.28);
INSERT INTO public.order_items (id, order_id, product_id, quantity, unit_price) VALUES ('9cfbc872-b871-4e21-aa29-a95e17a67b53', '66be7630-1849-4e7a-86e8-028018776e64', '71ec2f68-240b-41ae-8d03-fe075fe4992f', 2, 4625.27);
INSERT INTO public.order_items (id, order_id, product_id, quantity, unit_price) VALUES ('4dce09ae-f754-4b71-bf58-87e37dccb774', '66be7630-1849-4e7a-86e8-028018776e64', 'a30b84f8-ce73-4833-a08c-56ccc24bd422', 10, 4927.75);
INSERT INTO public.order_items (id, order_id, product_id, quantity, unit_price) VALUES ('a6f738db-1d62-4695-b42d-81f0aab3d228', '66be7630-1849-4e7a-86e8-028018776e64', '42f3f433-6473-427b-9a86-2022053c1e81', 9, 8339.44);
INSERT INTO public.order_items (id, order_id, product_id, quantity, unit_price) VALUES ('131fba18-443a-40a9-8613-121e349255af', '66be7630-1849-4e7a-86e8-028018776e64', 'a554a5fa-39ab-4479-98d2-ebe67cfa7ba0', 7, 3846.24);
INSERT INTO public.order_items (id, order_id, product_id, quantity, unit_price) VALUES ('364b1ad5-0fb1-4553-badb-835c57a8ba66', 'c61181ff-23e9-436a-aa00-2352b257bf28', '1d088021-cfce-47b2-903d-260ec53441fd', 2, 5822.41);
INSERT INTO public.order_items (id, order_id, product_id, quantity, unit_price) VALUES ('702c6ed5-d1a5-4c3f-9000-1c77fb3f104e', 'c61181ff-23e9-436a-aa00-2352b257bf28', '265f1af6-1628-4367-a804-2fa9fc8d2309', 2, 1927.01);
INSERT INTO public.order_items (id, order_id, product_id, quantity, unit_price) VALUES ('372e7043-8887-4b95-add0-dad9633967a9', 'c61181ff-23e9-436a-aa00-2352b257bf28', '30f4d5a6-d401-4e7b-9641-ba29f6f10e40', 9, 15662.52);
INSERT INTO public.order_items (id, order_id, product_id, quantity, unit_price) VALUES ('57375a1f-5df6-4b80-8fb5-59102fe81024', '27e03b30-cbbc-4590-bd31-0cb09761fcd6', '30f4d5a6-d401-4e7b-9641-ba29f6f10e40', 4, 14741.44);
INSERT INTO public.order_items (id, order_id, product_id, quantity, unit_price) VALUES ('8f0ad501-a1e7-456b-b574-4d563e630b3a', '27e03b30-cbbc-4590-bd31-0cb09761fcd6', '1d088021-cfce-47b2-903d-260ec53441fd', 8, 5388.6);
INSERT INTO public.order_items (id, order_id, product_id, quantity, unit_price) VALUES ('110ef458-2139-4a75-8489-51229b547bc0', 'babdfa88-c7fa-4f6d-8406-efff5ab3b378', '42f3f433-6473-427b-9a86-2022053c1e81', 7, 7700.04);
INSERT INTO public.order_items (id, order_id, product_id, quantity, unit_price) VALUES ('6a6e3ec1-f748-463e-937c-7c70ffc129e6', '035e4540-25cc-40c9-921a-4f93ce348c95', '8c44439a-93bd-4e1c-a07f-09c2ea59e3a1', 2, 2754.73);
INSERT INTO public.order_items (id, order_id, product_id, quantity, unit_price) VALUES ('3e79ba11-64a0-4e95-8062-c6482d8590a4', '035e4540-25cc-40c9-921a-4f93ce348c95', 'a554a5fa-39ab-4479-98d2-ebe67cfa7ba0', 2, 3215.26);
INSERT INTO public.order_items (id, order_id, product_id, quantity, unit_price) VALUES ('9c1d6748-c8f2-4ba8-b0f4-588ddf836c78', '035e4540-25cc-40c9-921a-4f93ce348c95', '4dfa4c40-1ac8-4c37-8320-3bd7aa2e499f', 2, 3776.1);
INSERT INTO public.order_items (id, order_id, product_id, quantity, unit_price) VALUES ('771e211c-4795-47ea-882e-065582e1cfc7', 'ba9dc5e4-2748-4cb8-be56-d000b60a7de6', 'a554a5fa-39ab-4479-98d2-ebe67cfa7ba0', 10, 3819.64);
INSERT INTO public.order_items (id, order_id, product_id, quantity, unit_price) VALUES ('762eb50a-4416-4d36-bfc3-1e8b5d9dcd1d', 'ba9dc5e4-2748-4cb8-be56-d000b60a7de6', '57c4ea2f-5cf5-4914-bc04-e1b910bc000f', 9, 6954.69);
INSERT INTO public.order_items (id, order_id, product_id, quantity, unit_price) VALUES ('b9de605f-db91-4113-bd50-c9cd084db912', 'ba9dc5e4-2748-4cb8-be56-d000b60a7de6', '4bfb5ce6-8c05-46d0-91d1-b6443f92be7e', 2, 8838.47);
INSERT INTO public.order_items (id, order_id, product_id, quantity, unit_price) VALUES ('463ee450-1e27-4f83-9d40-1f4a580419e5', 'b659ee37-7d7f-4c0a-894c-55f1772e8e8a', '4bfb5ce6-8c05-46d0-91d1-b6443f92be7e', 2, 9139.24);
INSERT INTO public.order_items (id, order_id, product_id, quantity, unit_price) VALUES ('70482340-24fc-4b21-89ec-efbacc526f58', 'b659ee37-7d7f-4c0a-894c-55f1772e8e8a', '3ac38308-8406-4177-8a9c-e079c19052e1', 4, 4189.26);
INSERT INTO public.order_items (id, order_id, product_id, quantity, unit_price) VALUES ('62c84216-e37a-421a-9220-544af726faf8', 'b659ee37-7d7f-4c0a-894c-55f1772e8e8a', '42b4f716-bda2-4994-b59b-290e3ef4f01d', 8, 2267.64);
INSERT INTO public.order_items (id, order_id, product_id, quantity, unit_price) VALUES ('c11b1046-65fc-4fb1-abcd-7228cedaac0d', 'b659ee37-7d7f-4c0a-894c-55f1772e8e8a', '8c44439a-93bd-4e1c-a07f-09c2ea59e3a1', 2, 2910.07);
INSERT INTO public.order_items (id, order_id, product_id, quantity, unit_price) VALUES ('751def49-1e0d-49c1-ad39-50ac315032f3', 'f0287d12-2b6e-46e7-b8ce-b48b7eb1e5b4', '49cd0a7d-5d7d-4286-9e5f-c792fbc2ce6d', 7, 3206.02);
INSERT INTO public.order_items (id, order_id, product_id, quantity, unit_price) VALUES ('65d94764-53ca-4c1a-8853-8944abf2a294', 'f0287d12-2b6e-46e7-b8ce-b48b7eb1e5b4', '43371b46-065c-4245-9494-218928edcc4c', 10, 6136.29);
INSERT INTO public.order_items (id, order_id, product_id, quantity, unit_price) VALUES ('f9483fb4-87aa-4232-85cf-c068de056eb2', 'f0287d12-2b6e-46e7-b8ce-b48b7eb1e5b4', 'af906e4b-251b-4c5b-a7cb-8bcf1dfbcbbb', 9, 10863.01);
INSERT INTO public.order_items (id, order_id, product_id, quantity, unit_price) VALUES ('1e988b05-4a17-409c-ab10-a6655257dd2b', 'f7cf06eb-339b-4e7e-a564-3644af296ebf', '92863bcc-cb21-46f0-8e04-8b1879990285', 5, 16263.53);
INSERT INTO public.order_items (id, order_id, product_id, quantity, unit_price) VALUES ('2478cbea-f5bb-47ac-8a79-d5cef8871c94', 'f7cf06eb-339b-4e7e-a564-3644af296ebf', '78475373-fa8b-4fa0-a7a5-f0ec832a7870', 6, 4686.35);
INSERT INTO public.order_items (id, order_id, product_id, quantity, unit_price) VALUES ('34f2999e-61fb-43b1-9fad-85a00f707250', 'f7cf06eb-339b-4e7e-a564-3644af296ebf', '43371b46-065c-4245-9494-218928edcc4c', 3, 6079.59);
INSERT INTO public.order_items (id, order_id, product_id, quantity, unit_price) VALUES ('367f385b-a229-4c8e-b460-c6defc0a546f', '5ddf64e6-117c-45ad-8dd2-26be79257d3c', '71ec2f68-240b-41ae-8d03-fe075fe4992f', 9, 4714.19);
INSERT INTO public.order_items (id, order_id, product_id, quantity, unit_price) VALUES ('709544af-b693-4396-9ea0-064e0df48d3c', '5ddf64e6-117c-45ad-8dd2-26be79257d3c', 'a554a5fa-39ab-4479-98d2-ebe67cfa7ba0', 7, 3467.55);
INSERT INTO public.order_items (id, order_id, product_id, quantity, unit_price) VALUES ('c24893ef-9eea-4c9e-a715-35c5855c8703', '5ddf64e6-117c-45ad-8dd2-26be79257d3c', '92863bcc-cb21-46f0-8e04-8b1879990285', 3, 14609.19);
INSERT INTO public.order_items (id, order_id, product_id, quantity, unit_price) VALUES ('a87d58aa-b3aa-4b7b-bc62-c0971dc778bc', '5ddf64e6-117c-45ad-8dd2-26be79257d3c', 'a30b84f8-ce73-4833-a08c-56ccc24bd422', 6, 5065.76);
INSERT INTO public.order_items (id, order_id, product_id, quantity, unit_price) VALUES ('417a10a1-6e3e-433d-a2b8-0940c4d56a6b', 'd4cb7db8-cfa3-4482-b92d-49084d619c42', '4bfb5ce6-8c05-46d0-91d1-b6443f92be7e', 3, 8382.41);
INSERT INTO public.order_items (id, order_id, product_id, quantity, unit_price) VALUES ('a12c9044-3884-40db-9a64-7b29e15cd8fc', 'a5f3e49d-e71e-4951-a615-3776fc2d7a8d', '71ec2f68-240b-41ae-8d03-fe075fe4992f', 5, 4942.12);
INSERT INTO public.order_items (id, order_id, product_id, quantity, unit_price) VALUES ('9c27b83e-21d4-4fda-bbaf-28a7da0e61f9', 'babb506f-c528-4ac2-aa05-fcbc19bf22c6', '4dfa4c40-1ac8-4c37-8320-3bd7aa2e499f', 4, 3783.56);
INSERT INTO public.order_items (id, order_id, product_id, quantity, unit_price) VALUES ('93fcceae-a259-4bb7-b7b8-afd152e3b949', 'babb506f-c528-4ac2-aa05-fcbc19bf22c6', '1d088021-cfce-47b2-903d-260ec53441fd', 2, 5329.69);
INSERT INTO public.order_items (id, order_id, product_id, quantity, unit_price) VALUES ('b4d5d0f6-8789-4489-9daa-37ce27631e28', 'babb506f-c528-4ac2-aa05-fcbc19bf22c6', '30f4d5a6-d401-4e7b-9641-ba29f6f10e40', 2, 14349.74);
INSERT INTO public.order_items (id, order_id, product_id, quantity, unit_price) VALUES ('3f63d020-593e-487a-968c-4597c2449536', 'babb506f-c528-4ac2-aa05-fcbc19bf22c6', '43371b46-065c-4245-9494-218928edcc4c', 10, 5983.96);
INSERT INTO public.order_items (id, order_id, product_id, quantity, unit_price) VALUES ('81765549-bf14-4986-ab43-1e711f1dca52', '63eb62e2-7342-4532-9039-a72736454766', '4bfb5ce6-8c05-46d0-91d1-b6443f92be7e', 10, 8197.7);
INSERT INTO public.order_items (id, order_id, product_id, quantity, unit_price) VALUES ('fae89ffc-59ce-471f-9da1-25a98004c2c8', '63eb62e2-7342-4532-9039-a72736454766', 'af906e4b-251b-4c5b-a7cb-8bcf1dfbcbbb', 4, 11523.41);
INSERT INTO public.order_items (id, order_id, product_id, quantity, unit_price) VALUES ('e9c89901-ad01-44d0-96ba-878a401f5b1f', '63eb62e2-7342-4532-9039-a72736454766', '2c1d76b4-2ad6-4858-a88b-b5b6d878abfb', 4, 9481.23);
INSERT INTO public.order_items (id, order_id, product_id, quantity, unit_price) VALUES ('0fbf9631-dccd-4e5a-8845-ac07a8568475', '7f1d1ba9-12d2-429a-9010-c64fa9a3236b', '3ac38308-8406-4177-8a9c-e079c19052e1', 1, 4497.65);
INSERT INTO public.order_items (id, order_id, product_id, quantity, unit_price) VALUES ('9b8b9619-d9ca-4ab5-86c1-39e7eb86c4f1', '7f1d1ba9-12d2-429a-9010-c64fa9a3236b', '42f3f433-6473-427b-9a86-2022053c1e81', 7, 7481.11);
INSERT INTO public.order_items (id, order_id, product_id, quantity, unit_price) VALUES ('d33fa3e0-ae71-4189-894d-14dfcf638706', '7f1d1ba9-12d2-429a-9010-c64fa9a3236b', '49cd0a7d-5d7d-4286-9e5f-c792fbc2ce6d', 7, 3018.54);
INSERT INTO public.order_items (id, order_id, product_id, quantity, unit_price) VALUES ('20c71ac4-792f-40b0-a164-8aab6b3a3f40', '4ada744e-d96d-4389-9a5d-eb18676a575d', '265f1af6-1628-4367-a804-2fa9fc8d2309', 6, 1645.95);
INSERT INTO public.order_items (id, order_id, product_id, quantity, unit_price) VALUES ('0160f334-85f1-4f0f-80c0-1fbbd60460f9', '4ada744e-d96d-4389-9a5d-eb18676a575d', '57c4ea2f-5cf5-4914-bc04-e1b910bc000f', 1, 7108.16);
INSERT INTO public.order_items (id, order_id, product_id, quantity, unit_price) VALUES ('52ca3a9b-3ea4-44ed-92ea-ea4ce56cb094', 'd17ae9ce-6b8c-4deb-b73b-01e2eb99246f', '71ec2f68-240b-41ae-8d03-fe075fe4992f', 7, 4788.56);
INSERT INTO public.order_items (id, order_id, product_id, quantity, unit_price) VALUES ('706a6795-3ea6-4d5b-b650-1a25a8765f20', 'd17ae9ce-6b8c-4deb-b73b-01e2eb99246f', '42f3f433-6473-427b-9a86-2022053c1e81', 7, 7233.37);
INSERT INTO public.order_items (id, order_id, product_id, quantity, unit_price) VALUES ('a7ef74ec-1512-410a-ac40-1b5c296760ae', 'd17ae9ce-6b8c-4deb-b73b-01e2eb99246f', '30f4d5a6-d401-4e7b-9641-ba29f6f10e40', 6, 14015.62);
INSERT INTO public.order_items (id, order_id, product_id, quantity, unit_price) VALUES ('38ed8b06-16fc-4865-ab49-aa73babdb87e', 'd17ae9ce-6b8c-4deb-b73b-01e2eb99246f', '2c1d76b4-2ad6-4858-a88b-b5b6d878abfb', 10, 8928.17);
INSERT INTO public.order_items (id, order_id, product_id, quantity, unit_price) VALUES ('c8732b13-378c-4fe4-9d4c-54274c72ace0', '39155aa7-be25-44d2-9b84-e7dc855297bc', '71ec2f68-240b-41ae-8d03-fe075fe4992f', 4, 4934.69);
INSERT INTO public.order_items (id, order_id, product_id, quantity, unit_price) VALUES ('932fed8e-0385-4e7b-89cd-93b1571163e1', '39155aa7-be25-44d2-9b84-e7dc855297bc', '30f4d5a6-d401-4e7b-9641-ba29f6f10e40', 7, 15071.89);
INSERT INTO public.order_items (id, order_id, product_id, quantity, unit_price) VALUES ('5ccf1614-dfa8-4efb-8890-99925b6d7288', '39155aa7-be25-44d2-9b84-e7dc855297bc', '49cd0a7d-5d7d-4286-9e5f-c792fbc2ce6d', 7, 3221.24);
INSERT INTO public.order_items (id, order_id, product_id, quantity, unit_price) VALUES ('d1b5ee18-9aa5-4572-be52-47cdf013c996', 'afbb5cb5-a400-4db7-afaf-3f6e92e82fc2', 'af906e4b-251b-4c5b-a7cb-8bcf1dfbcbbb', 2, 12025.16);
INSERT INTO public.order_items (id, order_id, product_id, quantity, unit_price) VALUES ('02615ae8-d8ff-4607-959a-0be661f3f22b', 'afbb5cb5-a400-4db7-afaf-3f6e92e82fc2', '42f3f433-6473-427b-9a86-2022053c1e81', 2, 8048.97);
INSERT INTO public.order_items (id, order_id, product_id, quantity, unit_price) VALUES ('8ed67083-7c62-4039-ad3a-fa336f9ca400', 'afbb5cb5-a400-4db7-afaf-3f6e92e82fc2', '78475373-fa8b-4fa0-a7a5-f0ec832a7870', 4, 5622.16);
INSERT INTO public.order_items (id, order_id, product_id, quantity, unit_price) VALUES ('78dc4d9b-5699-43c3-a66b-cc7c0090027f', '56a58b62-5863-4bca-84f1-1a9e5f201efd', '8c44439a-93bd-4e1c-a07f-09c2ea59e3a1', 2, 2787.87);
INSERT INTO public.order_items (id, order_id, product_id, quantity, unit_price) VALUES ('078df497-b8a5-452c-a254-5ceef46852be', '56a58b62-5863-4bca-84f1-1a9e5f201efd', 'a554a5fa-39ab-4479-98d2-ebe67cfa7ba0', 4, 3271.45);
INSERT INTO public.order_items (id, order_id, product_id, quantity, unit_price) VALUES ('0cb08d72-8abf-483b-8949-6670c13c162e', '56a58b62-5863-4bca-84f1-1a9e5f201efd', 'af906e4b-251b-4c5b-a7cb-8bcf1dfbcbbb', 3, 12624.52);
INSERT INTO public.order_items (id, order_id, product_id, quantity, unit_price) VALUES ('77ad4196-e202-4f22-8149-2fb107fd7691', '206e48b6-53e1-462e-97cd-d05f7d11a881', '78475373-fa8b-4fa0-a7a5-f0ec832a7870', 8, 5162.51);
INSERT INTO public.order_items (id, order_id, product_id, quantity, unit_price) VALUES ('002753e5-285c-4f1b-b2d0-c60c42971acd', 'c9406bff-8f6a-4b86-ae29-8ea24f25f37d', '42b4f716-bda2-4994-b59b-290e3ef4f01d', 8, 2192.78);
INSERT INTO public.order_items (id, order_id, product_id, quantity, unit_price) VALUES ('a3348c30-d2b6-4210-9e71-3c8f63caf291', 'c9406bff-8f6a-4b86-ae29-8ea24f25f37d', '42f3f433-6473-427b-9a86-2022053c1e81', 8, 8210.22);
INSERT INTO public.order_items (id, order_id, product_id, quantity, unit_price) VALUES ('d9864305-e088-4f92-85ae-cd0db5e1a0a0', 'c9406bff-8f6a-4b86-ae29-8ea24f25f37d', 'a30b84f8-ce73-4833-a08c-56ccc24bd422', 5, 4887.76);
INSERT INTO public.order_items (id, order_id, product_id, quantity, unit_price) VALUES ('bad2fbaf-dddd-47e2-bb8c-422f3769cce6', 'c9406bff-8f6a-4b86-ae29-8ea24f25f37d', 'a554a5fa-39ab-4479-98d2-ebe67cfa7ba0', 6, 3505.14);
INSERT INTO public.order_items (id, order_id, product_id, quantity, unit_price) VALUES ('583d4517-4661-4586-a57f-9a0ae1eb10e4', '4a0eb9db-da13-4669-8df7-cd9169779056', '1d088021-cfce-47b2-903d-260ec53441fd', 1, 5355.61);
INSERT INTO public.order_items (id, order_id, product_id, quantity, unit_price) VALUES ('85b8bbf4-ca14-4e65-9be2-29c5469aa251', '4a0eb9db-da13-4669-8df7-cd9169779056', 'a30b84f8-ce73-4833-a08c-56ccc24bd422', 5, 4393.66);
INSERT INTO public.order_items (id, order_id, product_id, quantity, unit_price) VALUES ('1e13628a-4381-4e30-88fa-8000520e2327', '4a0eb9db-da13-4669-8df7-cd9169779056', '4bfb5ce6-8c05-46d0-91d1-b6443f92be7e', 2, 9205.99);
INSERT INTO public.order_items (id, order_id, product_id, quantity, unit_price) VALUES ('fe0df50a-3a63-4ee0-9edc-9f5bdc859cc3', '360420e3-21da-4696-ae38-40364ec220d3', '1d088021-cfce-47b2-903d-260ec53441fd', 8, 5949.95);
INSERT INTO public.order_items (id, order_id, product_id, quantity, unit_price) VALUES ('279d2c96-cf5a-4edd-81dd-a18fe6c3575c', '360420e3-21da-4696-ae38-40364ec220d3', '42b4f716-bda2-4994-b59b-290e3ef4f01d', 10, 2472.88);
INSERT INTO public.order_items (id, order_id, product_id, quantity, unit_price) VALUES ('d73a88a8-66ac-4097-ac18-7c9b330defcf', '360420e3-21da-4696-ae38-40364ec220d3', '57c4ea2f-5cf5-4914-bc04-e1b910bc000f', 6, 7351.21);
INSERT INTO public.order_items (id, order_id, product_id, quantity, unit_price) VALUES ('32d6ad89-7d22-40eb-bfe5-aa98a809dc41', '360420e3-21da-4696-ae38-40364ec220d3', '4bfb5ce6-8c05-46d0-91d1-b6443f92be7e', 9, 8370.62);
INSERT INTO public.order_items (id, order_id, product_id, quantity, unit_price) VALUES ('f01ca193-8a29-4060-b8d1-bce003ac8e02', '60c0f55e-cdb6-4857-a6ec-75d051bf7c09', '1d088021-cfce-47b2-903d-260ec53441fd', 2, 5842.06);
INSERT INTO public.order_items (id, order_id, product_id, quantity, unit_price) VALUES ('b48091f6-cf2e-4b2c-8a48-5c0de5bdce47', '129e5c31-b6be-4560-98c7-751ef4fdd229', '71ec2f68-240b-41ae-8d03-fe075fe4992f', 1, 4746.79);
INSERT INTO public.order_items (id, order_id, product_id, quantity, unit_price) VALUES ('d866725c-8065-409e-87ef-a85fc663d3ae', '129e5c31-b6be-4560-98c7-751ef4fdd229', '265f1af6-1628-4367-a804-2fa9fc8d2309', 8, 1976.75);
INSERT INTO public.order_items (id, order_id, product_id, quantity, unit_price) VALUES ('16549c1a-2cf2-42ec-80d4-345a4a3431b0', '129e5c31-b6be-4560-98c7-751ef4fdd229', '78475373-fa8b-4fa0-a7a5-f0ec832a7870', 9, 5223.66);
INSERT INTO public.order_items (id, order_id, product_id, quantity, unit_price) VALUES ('1233bea4-4359-49d2-bfd3-babd83ad600c', '25993d0f-0b25-43b9-961b-97d6ad22cf78', '8c44439a-93bd-4e1c-a07f-09c2ea59e3a1', 5, 2932.45);
INSERT INTO public.order_items (id, order_id, product_id, quantity, unit_price) VALUES ('8711292a-55b3-476a-9e0a-f5ff64205df6', '25993d0f-0b25-43b9-961b-97d6ad22cf78', 'a30b84f8-ce73-4833-a08c-56ccc24bd422', 6, 4971.74);
INSERT INTO public.order_items (id, order_id, product_id, quantity, unit_price) VALUES ('616d4edc-02ce-4414-a469-9b4f27f73b37', '784f3aef-2537-4fc1-9a0d-f77d111d9ef4', '42f3f433-6473-427b-9a86-2022053c1e81', 2, 7727.51);
INSERT INTO public.order_items (id, order_id, product_id, quantity, unit_price) VALUES ('916286c1-74c9-42c2-9e46-f88941fdc225', 'b251b41a-22f1-4687-8e89-98e74f46e36b', '3ac38308-8406-4177-8a9c-e079c19052e1', 2, 4574.47);
INSERT INTO public.order_items (id, order_id, product_id, quantity, unit_price) VALUES ('e0e2b59e-3de2-44c8-8de7-16c9d614c9f6', 'b251b41a-22f1-4687-8e89-98e74f46e36b', '43371b46-065c-4245-9494-218928edcc4c', 3, 6500.1);
INSERT INTO public.order_items (id, order_id, product_id, quantity, unit_price) VALUES ('ef4ef1cf-e418-44c0-9bbf-03bc9b9967d1', 'b251b41a-22f1-4687-8e89-98e74f46e36b', 'a554a5fa-39ab-4479-98d2-ebe67cfa7ba0', 5, 3827.39);
INSERT INTO public.order_items (id, order_id, product_id, quantity, unit_price) VALUES ('2e860b7c-d9f5-44ab-a4dd-85eb4d980b40', 'b251b41a-22f1-4687-8e89-98e74f46e36b', '42f3f433-6473-427b-9a86-2022053c1e81', 7, 7406.32);
INSERT INTO public.order_items (id, order_id, product_id, quantity, unit_price) VALUES ('ca490191-0155-44b0-92a8-9fc671aab4dd', '61907630-d537-4752-8855-354feb52d3a8', '3ac38308-8406-4177-8a9c-e079c19052e1', 9, 4389.01);
INSERT INTO public.order_items (id, order_id, product_id, quantity, unit_price) VALUES ('c0adebbd-2c0d-4a3a-a439-60324a5dfbd6', '9f8b1dc2-4eb9-4e6f-a212-3210cb6f995b', 'a554a5fa-39ab-4479-98d2-ebe67cfa7ba0', 7, 3505.94);
INSERT INTO public.order_items (id, order_id, product_id, quantity, unit_price) VALUES ('a5037ea2-25fb-49e7-b32a-a4ff78bd611f', '9f8b1dc2-4eb9-4e6f-a212-3210cb6f995b', '265f1af6-1628-4367-a804-2fa9fc8d2309', 1, 1750.54);
INSERT INTO public.order_items (id, order_id, product_id, quantity, unit_price) VALUES ('520faee8-d8b0-4292-969f-31663a0db8b2', '9f8b1dc2-4eb9-4e6f-a212-3210cb6f995b', '71ec2f68-240b-41ae-8d03-fe075fe4992f', 3, 5450.08);
INSERT INTO public.order_items (id, order_id, product_id, quantity, unit_price) VALUES ('f71abfd7-b941-4bb0-a0c4-963ed20ea0d2', 'a9e7f3b1-ec88-404d-8382-31ee7ecacad3', '4dfa4c40-1ac8-4c37-8320-3bd7aa2e499f', 3, 3351.56);
INSERT INTO public.order_items (id, order_id, product_id, quantity, unit_price) VALUES ('685349b4-3dc6-415e-b1e9-977ccc5109dc', 'a9e7f3b1-ec88-404d-8382-31ee7ecacad3', 'b77c0f96-4f6b-4668-b4ae-7cff67078c72', 5, 1923.99);
INSERT INTO public.order_items (id, order_id, product_id, quantity, unit_price) VALUES ('b0f3954a-24cd-4b8a-9d6d-9c0b00396596', 'a9e7f3b1-ec88-404d-8382-31ee7ecacad3', 'af906e4b-251b-4c5b-a7cb-8bcf1dfbcbbb', 2, 12018.46);
INSERT INTO public.order_items (id, order_id, product_id, quantity, unit_price) VALUES ('86a8d406-0368-4bde-ac15-051db853f3a0', '5886b430-c5ed-49a1-a75c-d69ab9ffbb76', '42f3f433-6473-427b-9a86-2022053c1e81', 10, 7409.68);
INSERT INTO public.order_items (id, order_id, product_id, quantity, unit_price) VALUES ('0104fce2-33e5-49bf-a86e-45220d046284', '43f525aa-7358-4ad9-ae26-7be6573b076c', 'a554a5fa-39ab-4479-98d2-ebe67cfa7ba0', 8, 3180.58);
INSERT INTO public.order_items (id, order_id, product_id, quantity, unit_price) VALUES ('b88f4081-91bf-4999-bbd1-35089c3f894d', '43f525aa-7358-4ad9-ae26-7be6573b076c', '78475373-fa8b-4fa0-a7a5-f0ec832a7870', 6, 5383.42);
INSERT INTO public.order_items (id, order_id, product_id, quantity, unit_price) VALUES ('5ffe4498-a7db-4e1e-842d-3554eef7eaa2', '43f525aa-7358-4ad9-ae26-7be6573b076c', '42b4f716-bda2-4994-b59b-290e3ef4f01d', 4, 2625.4);
INSERT INTO public.order_items (id, order_id, product_id, quantity, unit_price) VALUES ('c0c8301e-bab7-4e4b-90f1-96746351ad74', '43f525aa-7358-4ad9-ae26-7be6573b076c', '57c4ea2f-5cf5-4914-bc04-e1b910bc000f', 10, 6890.3);
INSERT INTO public.order_items (id, order_id, product_id, quantity, unit_price) VALUES ('b76ee93a-b375-45bd-b71b-ef941b0f01e2', 'a7ba410d-c23d-400b-8de5-ae2d2850ad56', 'af906e4b-251b-4c5b-a7cb-8bcf1dfbcbbb', 8, 12969.54);
INSERT INTO public.order_items (id, order_id, product_id, quantity, unit_price) VALUES ('d903491e-529c-419c-b8e3-6f0f2f499ad9', 'a7ba410d-c23d-400b-8de5-ae2d2850ad56', '57c4ea2f-5cf5-4914-bc04-e1b910bc000f', 4, 7009.69);
INSERT INTO public.order_items (id, order_id, product_id, quantity, unit_price) VALUES ('60074505-6090-464c-8d3b-75f94f984150', 'a7ba410d-c23d-400b-8de5-ae2d2850ad56', 'a30b84f8-ce73-4833-a08c-56ccc24bd422', 10, 5265.06);
INSERT INTO public.order_items (id, order_id, product_id, quantity, unit_price) VALUES ('7b6b522c-126c-4637-aa64-9d06983810cf', 'a7ba410d-c23d-400b-8de5-ae2d2850ad56', '3ac38308-8406-4177-8a9c-e079c19052e1', 8, 4742.49);
INSERT INTO public.order_items (id, order_id, product_id, quantity, unit_price) VALUES ('c1506a64-0b77-4260-b969-9a85ff3a0abf', 'e1099cdc-4761-45ed-8347-ae0d6a53520e', '265f1af6-1628-4367-a804-2fa9fc8d2309', 4, 1908.45);
INSERT INTO public.order_items (id, order_id, product_id, quantity, unit_price) VALUES ('798dcf07-cae0-42d9-b466-fdac4da417df', 'e1099cdc-4761-45ed-8347-ae0d6a53520e', 'a30b84f8-ce73-4833-a08c-56ccc24bd422', 3, 5158.08);
INSERT INTO public.order_items (id, order_id, product_id, quantity, unit_price) VALUES ('3070b4ff-be60-4d37-b450-4e01e8c54097', 'e1099cdc-4761-45ed-8347-ae0d6a53520e', '30f4d5a6-d401-4e7b-9641-ba29f6f10e40', 1, 15423.54);
INSERT INTO public.order_items (id, order_id, product_id, quantity, unit_price) VALUES ('59d81b2e-4ede-4265-8900-a3d6fed52751', 'e1099cdc-4761-45ed-8347-ae0d6a53520e', '78475373-fa8b-4fa0-a7a5-f0ec832a7870', 6, 5256.72);
INSERT INTO public.order_items (id, order_id, product_id, quantity, unit_price) VALUES ('c2ad4e66-8c7a-4dda-9d11-a140499a9941', 'eea5025a-2d4d-42c4-bba3-830c85177e3c', '265f1af6-1628-4367-a804-2fa9fc8d2309', 2, 1722.62);
INSERT INTO public.order_items (id, order_id, product_id, quantity, unit_price) VALUES ('1b7024fd-9ce3-402b-abdd-f93763f68422', 'dc62f5f1-5bb2-4b95-b482-779585ec1ee0', '43371b46-065c-4245-9494-218928edcc4c', 9, 5576.82);
INSERT INTO public.order_items (id, order_id, product_id, quantity, unit_price) VALUES ('3ec0d588-348b-4528-a18f-ae60e134a45e', 'dc62f5f1-5bb2-4b95-b482-779585ec1ee0', '1d088021-cfce-47b2-903d-260ec53441fd', 7, 5050.88);
INSERT INTO public.order_items (id, order_id, product_id, quantity, unit_price) VALUES ('25f49844-dcab-4dea-9a22-37419b912b6e', '0e38e242-d061-4ed2-bb3f-e10b3f5e7881', '1d088021-cfce-47b2-903d-260ec53441fd', 1, 5406.39);
INSERT INTO public.order_items (id, order_id, product_id, quantity, unit_price) VALUES ('2d6cab8e-c7f8-4d6c-b5df-fe093dd96ea6', '0e38e242-d061-4ed2-bb3f-e10b3f5e7881', '8c44439a-93bd-4e1c-a07f-09c2ea59e3a1', 7, 3001.2);
INSERT INTO public.order_items (id, order_id, product_id, quantity, unit_price) VALUES ('40acd2d0-155a-4818-b1b9-f8047beab280', '0c1dfa3c-16de-43da-87fa-7777819705c0', '2c1d76b4-2ad6-4858-a88b-b5b6d878abfb', 6, 8504.17);
INSERT INTO public.order_items (id, order_id, product_id, quantity, unit_price) VALUES ('dc65fe5e-9cde-40fb-bcb9-88e8b010980e', '0c1dfa3c-16de-43da-87fa-7777819705c0', '71ec2f68-240b-41ae-8d03-fe075fe4992f', 6, 5429.74);
INSERT INTO public.order_items (id, order_id, product_id, quantity, unit_price) VALUES ('ccd84b87-23a9-44e4-8f4e-40d5f1cdeb67', 'dd367a7b-b20d-4513-a7ea-d43013ed4eeb', 'a554a5fa-39ab-4479-98d2-ebe67cfa7ba0', 5, 3792.18);
INSERT INTO public.order_items (id, order_id, product_id, quantity, unit_price) VALUES ('2d7d262d-9ca6-448d-a034-09e42ff4c9fd', 'dd367a7b-b20d-4513-a7ea-d43013ed4eeb', 'a30b84f8-ce73-4833-a08c-56ccc24bd422', 8, 4988.23);
INSERT INTO public.order_items (id, order_id, product_id, quantity, unit_price) VALUES ('da349fc6-4dca-468f-8f29-ab408331ea05', 'dd367a7b-b20d-4513-a7ea-d43013ed4eeb', '4bfb5ce6-8c05-46d0-91d1-b6443f92be7e', 3, 9464.86);
INSERT INTO public.order_items (id, order_id, product_id, quantity, unit_price) VALUES ('b9d5982e-2c66-43bf-8bb7-8bdbfc9aaa11', '99fd9c31-2365-4722-a966-a066e8b81292', '1d088021-cfce-47b2-903d-260ec53441fd', 5, 5187.22);
INSERT INTO public.order_items (id, order_id, product_id, quantity, unit_price) VALUES ('089802aa-9036-41cb-9e90-6aef5cb0b738', '99fd9c31-2365-4722-a966-a066e8b81292', '92863bcc-cb21-46f0-8e04-8b1879990285', 3, 15145.4);
INSERT INTO public.order_items (id, order_id, product_id, quantity, unit_price) VALUES ('5a2bc5f1-942a-4d38-8878-b6a804c33572', '99fd9c31-2365-4722-a966-a066e8b81292', '71ec2f68-240b-41ae-8d03-fe075fe4992f', 10, 5026.77);
INSERT INTO public.order_items (id, order_id, product_id, quantity, unit_price) VALUES ('58a0bac5-6d22-4f0a-b1a4-3a53b1a0e3b3', '99fd9c31-2365-4722-a966-a066e8b81292', '42b4f716-bda2-4994-b59b-290e3ef4f01d', 2, 2532.56);
INSERT INTO public.order_items (id, order_id, product_id, quantity, unit_price) VALUES ('536b8cfe-c147-413b-af52-f463cc1e5fc8', '2ad7d10a-aa47-4c2e-b944-87d14f759a16', '3ac38308-8406-4177-8a9c-e079c19052e1', 1, 4264.6);
INSERT INTO public.order_items (id, order_id, product_id, quantity, unit_price) VALUES ('25f955ac-1f48-458d-99e1-f2cfb37cb1f3', '2ad7d10a-aa47-4c2e-b944-87d14f759a16', '49cd0a7d-5d7d-4286-9e5f-c792fbc2ce6d', 10, 2973.28);
INSERT INTO public.order_items (id, order_id, product_id, quantity, unit_price) VALUES ('eaccb308-ab52-4d73-bdb2-7774838ce8d2', '31b212b3-a4e1-4d65-83d6-f3908a1e0b1a', '4dfa4c40-1ac8-4c37-8320-3bd7aa2e499f', 10, 3625.96);
INSERT INTO public.order_items (id, order_id, product_id, quantity, unit_price) VALUES ('f895002a-e727-4c00-8639-000ffd358d86', 'ebcc0d03-78f5-4462-8978-ce392e4a9503', 'a554a5fa-39ab-4479-98d2-ebe67cfa7ba0', 7, 3151.1);
INSERT INTO public.order_items (id, order_id, product_id, quantity, unit_price) VALUES ('5e15b3b3-5423-4790-bdbd-76b475db1254', 'ebcc0d03-78f5-4462-8978-ce392e4a9503', '3ac38308-8406-4177-8a9c-e079c19052e1', 6, 4266.51);
INSERT INTO public.order_items (id, order_id, product_id, quantity, unit_price) VALUES ('3b4e8c4d-5bd0-42c8-860d-b278056a88ab', 'deca884c-40d4-4060-91a4-6974857d08ed', '78475373-fa8b-4fa0-a7a5-f0ec832a7870', 2, 5671.54);
INSERT INTO public.order_items (id, order_id, product_id, quantity, unit_price) VALUES ('47fb36f9-dbde-4a5b-9054-d81e6cf666b7', 'deca884c-40d4-4060-91a4-6974857d08ed', '71ec2f68-240b-41ae-8d03-fe075fe4992f', 9, 5006.33);
INSERT INTO public.order_items (id, order_id, product_id, quantity, unit_price) VALUES ('9c6a805b-db0c-4ddf-8a7e-75c569c92732', 'deca884c-40d4-4060-91a4-6974857d08ed', '265f1af6-1628-4367-a804-2fa9fc8d2309', 9, 1819.49);
INSERT INTO public.order_items (id, order_id, product_id, quantity, unit_price) VALUES ('7038ff20-76c3-4abb-b19a-e429a472a21b', 'deca884c-40d4-4060-91a4-6974857d08ed', '8c44439a-93bd-4e1c-a07f-09c2ea59e3a1', 7, 3224.0);
INSERT INTO public.order_items (id, order_id, product_id, quantity, unit_price) VALUES ('bcac5071-dade-4ec9-bf14-b2f041e3c280', '8337ffc2-e83e-4863-a5d4-ddc4fc677d0c', '2c1d76b4-2ad6-4858-a88b-b5b6d878abfb', 6, 8556.57);
INSERT INTO public.order_items (id, order_id, product_id, quantity, unit_price) VALUES ('6e4940e2-5e71-42ea-8cad-1d1919d96e91', 'ee631d76-8220-4bdd-ad94-7303c04bd628', '8c44439a-93bd-4e1c-a07f-09c2ea59e3a1', 2, 2906.88);
INSERT INTO public.order_items (id, order_id, product_id, quantity, unit_price) VALUES ('0169cc61-3782-4dd5-9d4a-ee7a626796ff', '3492acf1-db45-436c-94af-a68b57976faf', '42b4f716-bda2-4994-b59b-290e3ef4f01d', 6, 2224.04);
INSERT INTO public.order_items (id, order_id, product_id, quantity, unit_price) VALUES ('c392dc26-3ed2-434d-87af-f40727c09dc1', '3e06bcdd-7557-4a2c-8d89-5fcaabaa263f', '57c4ea2f-5cf5-4914-bc04-e1b910bc000f', 8, 7892.38);
INSERT INTO public.order_items (id, order_id, product_id, quantity, unit_price) VALUES ('a1f9396b-cab9-4d97-9eb2-86c125db21f9', '3e06bcdd-7557-4a2c-8d89-5fcaabaa263f', '42f3f433-6473-427b-9a86-2022053c1e81', 8, 8210.78);
INSERT INTO public.order_items (id, order_id, product_id, quantity, unit_price) VALUES ('cf52b59d-a37c-4270-aff1-00d2ae243aca', '3e06bcdd-7557-4a2c-8d89-5fcaabaa263f', '78475373-fa8b-4fa0-a7a5-f0ec832a7870', 3, 4745.62);
INSERT INTO public.order_items (id, order_id, product_id, quantity, unit_price) VALUES ('6e3f2fc5-88e1-4ec0-b7c4-8f9dc5109c09', '273c6274-c32e-43a9-8d3f-b640d56b28c0', '4bfb5ce6-8c05-46d0-91d1-b6443f92be7e', 4, 9693.35);
INSERT INTO public.order_items (id, order_id, product_id, quantity, unit_price) VALUES ('9db9fe27-0937-435a-8534-0866db44c03b', '273c6274-c32e-43a9-8d3f-b640d56b28c0', '3ac38308-8406-4177-8a9c-e079c19052e1', 6, 4890.03);
INSERT INTO public.order_items (id, order_id, product_id, quantity, unit_price) VALUES ('5b70bb53-57d5-4138-af82-208cc9e5356a', '273c6274-c32e-43a9-8d3f-b640d56b28c0', 'b77c0f96-4f6b-4668-b4ae-7cff67078c72', 9, 1763.36);
INSERT INTO public.order_items (id, order_id, product_id, quantity, unit_price) VALUES ('6b8cce87-c072-4532-851e-c8b54ac48d8b', '273c6274-c32e-43a9-8d3f-b640d56b28c0', 'a30b84f8-ce73-4833-a08c-56ccc24bd422', 9, 4774.46);
INSERT INTO public.order_items (id, order_id, product_id, quantity, unit_price) VALUES ('e1ddcc22-8eaa-4199-b040-330a83a832b5', 'bd31a361-a9ad-459f-b888-ddee6daa3446', 'b77c0f96-4f6b-4668-b4ae-7cff67078c72', 5, 1748.51);
INSERT INTO public.order_items (id, order_id, product_id, quantity, unit_price) VALUES ('1491202f-e068-4cc2-8d42-fb21fc2839cf', '233a1ad8-19c8-4766-be9c-ac0a81a81302', '42f3f433-6473-427b-9a86-2022053c1e81', 5, 7399.16);
INSERT INTO public.order_items (id, order_id, product_id, quantity, unit_price) VALUES ('a4e81303-7a70-4711-a985-98e0e458d01c', '425a0626-e314-4830-9418-3b1475299a91', '30f4d5a6-d401-4e7b-9641-ba29f6f10e40', 7, 14517.11);
INSERT INTO public.order_items (id, order_id, product_id, quantity, unit_price) VALUES ('309fdcfd-b970-479d-931f-c9df0a8cf647', '425a0626-e314-4830-9418-3b1475299a91', '2c1d76b4-2ad6-4858-a88b-b5b6d878abfb', 3, 8993.17);
INSERT INTO public.order_items (id, order_id, product_id, quantity, unit_price) VALUES ('d32f10dc-0a92-40fb-bdeb-4c37ddfb32d1', '425a0626-e314-4830-9418-3b1475299a91', '1d088021-cfce-47b2-903d-260ec53441fd', 8, 5354.08);
INSERT INTO public.order_items (id, order_id, product_id, quantity, unit_price) VALUES ('437c946f-e0df-4442-8fd3-6c939ea78876', 'a20917e5-eb46-49cf-bbdb-d3dde89bb4f1', '71ec2f68-240b-41ae-8d03-fe075fe4992f', 7, 5101.43);
INSERT INTO public.order_items (id, order_id, product_id, quantity, unit_price) VALUES ('9eddf56b-946a-4f64-b71a-9424efcad069', 'a20917e5-eb46-49cf-bbdb-d3dde89bb4f1', '30f4d5a6-d401-4e7b-9641-ba29f6f10e40', 3, 15136.42);
INSERT INTO public.order_items (id, order_id, product_id, quantity, unit_price) VALUES ('bb747b3c-4d22-4d3e-b233-a6c8d8c72eb0', 'a20917e5-eb46-49cf-bbdb-d3dde89bb4f1', 'a30b84f8-ce73-4833-a08c-56ccc24bd422', 6, 4418.49);
INSERT INTO public.order_items (id, order_id, product_id, quantity, unit_price) VALUES ('26bb687a-227c-44b9-ab2e-7f9b76ef37e5', '54c91139-eaab-4861-a22a-01c76ed0722f', '3ac38308-8406-4177-8a9c-e079c19052e1', 10, 4695.9);
INSERT INTO public.order_items (id, order_id, product_id, quantity, unit_price) VALUES ('c28dab16-61ce-4504-902c-0330638ffd97', '54c91139-eaab-4861-a22a-01c76ed0722f', 'a30b84f8-ce73-4833-a08c-56ccc24bd422', 3, 4982.17);
INSERT INTO public.order_items (id, order_id, product_id, quantity, unit_price) VALUES ('1d150e82-304a-44d2-8fa9-f063d02a205e', '54c91139-eaab-4861-a22a-01c76ed0722f', '1d088021-cfce-47b2-903d-260ec53441fd', 6, 5441.84);
INSERT INTO public.order_items (id, order_id, product_id, quantity, unit_price) VALUES ('8a9ea4d1-3edb-466f-b775-77bba0c1ebe6', '353cde2d-b831-4f60-9345-5bf9859699ec', 'a30b84f8-ce73-4833-a08c-56ccc24bd422', 1, 4392.04);
INSERT INTO public.order_items (id, order_id, product_id, quantity, unit_price) VALUES ('386350bd-1e4f-45c0-a9dd-e137bbc578bb', '353cde2d-b831-4f60-9345-5bf9859699ec', '30f4d5a6-d401-4e7b-9641-ba29f6f10e40', 7, 14589.93);
INSERT INTO public.order_items (id, order_id, product_id, quantity, unit_price) VALUES ('73686b50-4d69-4326-a45e-afeaa4530331', '353cde2d-b831-4f60-9345-5bf9859699ec', '43371b46-065c-4245-9494-218928edcc4c', 3, 6543.35);
INSERT INTO public.order_items (id, order_id, product_id, quantity, unit_price) VALUES ('1f8b8778-0e8a-4ee7-88c7-d34b2484b1d2', 'bb4f5436-8164-41c3-9642-27cd83750c48', 'a30b84f8-ce73-4833-a08c-56ccc24bd422', 1, 4441.18);
INSERT INTO public.order_items (id, order_id, product_id, quantity, unit_price) VALUES ('85da1cc0-451b-4851-bf44-9c3977dbe6de', 'bb4f5436-8164-41c3-9642-27cd83750c48', '1d088021-cfce-47b2-903d-260ec53441fd', 4, 5806.37);
INSERT INTO public.order_items (id, order_id, product_id, quantity, unit_price) VALUES ('6667b9b8-4c39-4688-afcb-92fc56a44062', 'f8101a57-2862-44d7-b049-94c5a190d8d3', '8c44439a-93bd-4e1c-a07f-09c2ea59e3a1', 10, 2792.06);
INSERT INTO public.order_items (id, order_id, product_id, quantity, unit_price) VALUES ('2ebf8d28-da30-4a61-96f2-237ff3a73b44', 'f8101a57-2862-44d7-b049-94c5a190d8d3', '2c1d76b4-2ad6-4858-a88b-b5b6d878abfb', 8, 9807.88);
INSERT INTO public.order_items (id, order_id, product_id, quantity, unit_price) VALUES ('195020ef-18a0-41c6-819c-e482a9add962', 'f8101a57-2862-44d7-b049-94c5a190d8d3', '4bfb5ce6-8c05-46d0-91d1-b6443f92be7e', 6, 8898.1);
INSERT INTO public.order_items (id, order_id, product_id, quantity, unit_price) VALUES ('9bdcc561-530b-42a0-80ce-18ecd219a16d', '871fe0d1-2ab5-46aa-acbc-7309be5fb642', '42b4f716-bda2-4994-b59b-290e3ef4f01d', 3, 2414.14);

-- Seed complete. Refresh your dashboard!
